en,fr
am i approved?,m’approuve-t-on ?
i got bored.,j'ai commencé à m'ennuyer.
i did ok.,je m'en suis bien sorti.
anyone home?,quiconque est-il à la maison ?
i can't move.,je ne peux pas bouger.
excuse me.,excusez-moi.
i'm freezing.,je suis gelé.
i'll stop.,j'arrêterai.
i want mary.,je veux mary.
i need a job.,j'ai besoin d'un emploi.
i never lose.,je ne perds jamais.
she is sharp.,elle est tranchante.
let me die.,laissez-moi mourir.
let's bounce.,rebondissons !
i am sorry.,je suis désolé.
he cracked up.,il a disjoncté.
you're fine.,tu vas bien.
after you.,après vous.
i'll be back.,je reviendrai.
stay in bed.,reste au lit !
i'll grab it.,je l'attraperai.
forget tom.,oublie tom.
"beat it, kids!","dégagez, les gamins !"
it'll happen.,ça arrivera.
lighten up.,relaxe !
you're bossy.,tu fais le chef.
i'm right.,j'ai raison.
ignore him.,ne faites pas attention à lui.
we could die.,nous pourrions mourir.
it was flat.,elle était plate.
wait a sec.,attendez une seconde !
they're mine.,ils sont miens.
will it fit?,cela s'adaptera-t-il ?
don't mock me.,ne te moque pas de moi.
what a team!,quelle équipe !
we lost.,nous avons été battus.
here she is!,la voilà !
he is ill.,il est malade.
i'm ready.,je suis prêt.
here i am.,me voici.
i like you.,je t'aime bien.
they're safe.,ils vont bien.
is it to go?,ça doit partir ?
be punctual.,soyez ponctuelle !
he squinted.,il loucha.
it matters.,c'est important.
i'm retired.,je suis retraitée.
i feel old.,je me sens vieux.
i feel dizzy.,je me sens drôle.
this is bad.,ce n'est pas bon.
you're silly.,vous êtes idiots.
we need you.,nous avons besoin de vous.
we're fine.,nous allons bien.
i am busy.,je suis occupé.
i tried it.,je l'ai essayé.
we're losing.,nous perdons.
hang on tight.,accroche-toi bien !
i'm fair.,j'ai le teint clair.
wish me luck.,souhaite-moi chance !
i saw him.,je l’ai vu.
i'm selfish.,je suis égoïste.
try it again.,essaie à nouveau.
you're early.,vous êtes matinale.
come here.,venez là.
am i dying?,suis-je en train de mourir ?
watch us.,regardez-nous !
don't get fat.,ne deviens pas gras.
come quickly!,viens vite !
we're all ok.,nous allons tous bien.
i'm shooting.,je tire.
you may swim.,vous pouvez nager.
we are here.,nous sommes ici.
i'm cold.,j'ai froid.
go home.,rentrez à la maison.
i'm broke.,je suis fauché.
good job!,bien joué !
i have food.,je dispose de nourriture.
run for it!,prenez vos jambes à votre cou !
don't push me.,ne me poussez pas !
tom's bored.,tom s'ennuie.
open up.,ouvre-moi !
i lost a bet.,j'ai perdu un pari.
i'm starved.,j'ai les crocs.
keep working.,continue à travailler !
be serious.,sois sérieux !
i'll hurry.,je me dépêcherai.
here's a pen.,voilà un stylo.
can you stay?,pouvez-vous rester ?
i'm fasting.,je fais la diète.
we're shaken.,nous sommes remuées.
make a wish.,fais un souhait !
that's funny.,c'est drôle.
go now.,vas-y maintenant.
they're back.,elles sont de retour.
tom listens.,tom écoute.
tom drowned.,tom s'est noyé.
you're shy.,tu es timide.
he chuckled.,il a gloussé.
let's go now.,allons-y maintenant.
we did that.,on a fait ça.
i'm sober.,je suis sobre.
i'll decide.,j'en déciderai.
i have to go.,il me faut partir.
i need you.,j'ai besoin de vous.
have a seat.,prenez place.
"hey, wait up!","hé, un moment !"
well done!,bien vu !
what a mess!,quel bordel !
i'm cooking.,je cuisine.
i'll work.,je vais travailler.
i'm offended.,je suis offensée.
go away.,pars !
i'm famous.,je suis connue.
you are big.,vous êtes grand.
nobody came.,personne ne vint.
we're pooped.,nous sommes crevées.
you start.,tu commences.
what a heel!,quel malandrin !
let's do it!,on s'y met !
be creative.,sois créative !
is that tom?,est-ce tom ?
now drink up.,"videz votre verre, maintenant !"
i built it.,je l'ai construite.
let me go.,laissez-moi m'en aller !
tom's here.,tom est là.
i've won.,je l'ai emporté.
we talked.,nous avons discuté.
are they cops?,sont-ils des flics ?
go away!,pars !
is tom drunk?,tom est-il saoul ?
i want more.,je veux davantage.
time flies.,le temps s'enfuit.
watch out!,attention !
break it down.,démontez-moi ça.
who cares?,qui s'en soucie ?
i'm hit!,je suis touchée !
no problem!,pas de problème !
i snore.,je ronfle.
i love jokes.,j'adore les plaisanteries.
what a loser!,quel raté !
let me go!,laissez-moi partir !
i'm clean.,je suis propre.
try some.,essaies-en !
i'm trapped.,je suis piégée.
"beef, please.","du bœuf, s'il vous plaît."
stop crying.,arrêtez de pleurer !
it's a waste.,il s'agit d'un gaspillage.
they lost.,ils ont perdu.
tom cooks.,tom cuisine.
grab that.,saisis-toi de ça !
she is sharp.,elle est affûtée.
check it out!,vérifiez !
please come.,veuillez venir.
run!,cours !
he let us go.,il nous laissa partir.
i need air.,il me faut de l'air.
this is his.,c'est la sienne.
i was lost.,j'étais perdue.
come on.,allez !
i'm clean.,j'ai décroché.
it's morning.,on est le matin.
is it love?,est-ce de l'amour ?
i was sober.,j'étais sobre.
i saw you.,je t'ai vue.
you'll be ok.,ça ira.
is she gone?,s'en est-elle allée ?
stand aside.,écarte-toi.
do i look ok?,ai-je l'air bien ?
bring wine.,apporte du vin.
get up.,lève-toi.
don't worry.,t'inquiète pas.
i did it.,c'est moi qui l'ai fait.
they hugged.,elles se sont enlacées.
don't cheat.,ne triche pas.
let me check.,laissez-moi vérifier.
he stood up.,il s'est levé.
we all cried.,nous avons toutes pleuré.
who sent you?,qui t'a envoyé ?
go inside.,entrez !
try again.,essaie de nouveau.
you go first.,vas-y d'abord.
i'm greedy.,je suis gourmande.
my arm hurts.,j'ai une douleur dans mon bras.
i was tired.,j'étais fatigué.
i'm going.,je me tire.
i feel fine.,je me sens bien.
crime is down.,la criminalité est en baisse.
act your age.,conduis-toi selon ton âge.
are you bald?,êtes-vous chauve ?
i don't know.,je l'ignore.
we're sunk.,on est foutu.
it may snow.,il va peut-être se mettre à neiger.
you are big.,vous êtes grandes.
we're armed.,nous sommes armés.
i often ski.,je skie souvent.
are you happy?,êtes-vous contente ?
i have needs.,j'ai des besoins.
many thanks.,merci vraiment.
i'm sincere.,je suis sincère.
don't tell me.,m'en parle pas.
do you get it?,est-ce que vous captez ?
i hate work.,je déteste le travail.
turn it up.,augmente-le.
what a drag!,quel boulet !
stay calm.,garde ton calme.
look at this.,regarde ça !
that's funny.,c'est amusant.
come in.,entrez !
i'm upstairs.,je suis au-dessus.
go outside.,sortez d'ici.
it's secret.,c'est secret.
i saved you.,je vous ai sauvées.
give it up.,laisse tomber.
you're nice.,vous êtes sympas.
look again.,regarde encore.
i want you.,je te veux !
i'm tough.,je suis dur.
i'll scream.,je crierai.
be merciful.,sois clémente !
who won?,qui l'a emporté ?
no one left.,personne n'est parti.
face facts!,rends-toi à l'évidence.
you're big.,tu es grande.
i said yes.,j'ai dit oui.
is tom there?,est-ce que tom est là ?
it's complex.,c'est complexe.
i'm thorough.,je suis minutieuse.
i was sorry.,je fus désolée.
wait here.,attendez ici.
i have time.,je dispose de temps.
i felt naked.,je me suis senti nue.
step inside.,avancez à l'intérieur.
go home.,rentre chez toi.
are you a cop?,êtes-vous flic ?
want a drink?,veux-tu un verre ?
grab my hand.,saisis-moi la main !
she woke up.,elle se réveille.
write in ink.,ecrivez à l'encre.
who are you?,qui es-tu ?
i read books.,je lis des livres.
shut up!,tais-toi !
he wants one.,il en veut une.
i promised.,j'ai promis.
i'm leaving.,je pars.
must i go on?,dois-je continuer ?
i sympathize.,je compatis.
it's bedtime.,c'est l'heure de se coucher.
this is big.,c'est gros.
i made two.,j'en ai fait deux.
kiss me.,embrasse-moi.
what a waste!,quel gâchis !
you're funny.,vous êtes marrant.
you're bossy.,tu joues au chef.
who phoned?,qui est-ce qui a téléphoné ?
are you crazy?,es-tu fou ?
don't push me!,ne me poussez pas !
i'll drive.,je conduirai.
i recovered.,je m'en suis remis.
is this art?,est-ce de l'art ?
am i in love?,suis-je amoureuse ?
anybody home?,quelqu'un est-il là ?
she shot him.,elle le descendit.
memorize it.,mémorise-la.
is it bad?,c'est grave ?
it is a song.,c'est une chanson.
it's weird.,c'est bizarre.
you've tried.,vous avez essayé.
i dozed off.,j'ai piqué du nez.
i stayed.,je suis resté.
i have to go.,il me faut m'en aller.
carry this.,porte-le.
i'm nervous.,je suis nerveux.
i nailed it.,c'est dans la poche !
don't be mean.,ne soyez pas mesquine !
i'm alive.,je suis vivant.
we know.,nous savons.
i got lucky.,j'ai eu de la chance.
are you bald?,êtes-vous chauves ?
you are late.,vous êtes en retard.
tom is drunk.,tom est ivre.
no way!,sans façons !
i liked it.,j'ai aimé ça.
i messed up.,j'ai foiré.
i was ready.,j'y étais prête.
i refuse.,je refuse.
come on.,venez !
i'm sorry.,je suis désolé.
i'll read it.,je le lirai.
he got away.,il s'en est sorti.
you scare me.,vous me faites peur.
tom's drunk.,tom est ivre.
life is fun.,la vie est amusante.
i was fired.,on m'a saqué.
get down.,lâchez-vous !
once again.,encore une fois.
i'm fussy.,je suis tatillon.
eat your peas.,mange tes petits pois.
it's a song.,c'est une chanson.
take it easy!,"relaxe, max !"
we all know.,nous le savons tous.
she sued him.,elle l'a poursuivi en justice.
lie still.,"restez allongés, immobiles !"
i'm patient.,je suis patient.
stand still!,pas un geste !
hold this.,tenez ça !
i was naive.,j'ai été naïf.
i was there.,je me tenais là.
he is not in.,il n'est pas chez lui.
she is quiet.,elle est tranquille.
it's here.,elle est ici.
he dropped it.,il laissa tomber.
he's smart.,il est intelligent.
we know him.,on le connaît.
am i wrong?,est-ce que je me trompe ?
i'm a singer.,je suis chanteuse.
get a job.,trouvez un boulot !
they're rich.,elles sont riches.
they're cold.,elles sont froides.
come outside.,venez à l'extérieur.
it was hard.,c'était dur.
i'm a liar.,je suis un menteur.
i fixed it.,je l'ai réparé.
i feel giddy.,j'ai la tête qui me tourne.
what a pity!,dommage !
hang on tight.,accrochez-vous bien !
no one left.,personne ne partit.
they agree.,ils sont d'accord.
i need sleep.,j'ai besoin de sommeil.
he mocked me.,il s'est moqué de moi.
i can't win.,je ne peux gagner.
i'm a baker.,je suis boulanger.
keep quiet.,restez tranquilles.
study hard.,étudiez avec application.
don't fret.,ne vous tracassez pas.
it's his.,c'est la sienne.
how lovely!,comme c'est charmant !
fill it up.,le plein.
we're smart.,nous sommes intelligents.
have fun.,amusez-vous bien !
i've checked.,j'ai vérifié.
this is bad.,ça pue.
we were busy.,nous étions occupés.
can i finish?,puis-je en finir ?
tom can walk.,tom peut marcher.
i'll decide.,je le déciderai.
i hate them.,je les déteste.
i'm back.,me revoilà.
i relaxed.,je me suis détendue.
i'll talk.,je parlerai.
i am better.,je vais mieux.
write tom.,écrivez à tom.
i will help.,j'aiderai.
you're thin.,tu es mince.
they're cold.,ils sont froids.
i'm a father.,je suis papa.
he resigned.,il démissionna.
i'm reliable.,je suis fiable.
it's night.,il fait nuit.
don't do it!,ne le fais pas !
i lost it.,je l’ai perdu.
write to tom.,écris à tom.
i'm retired.,je suis retraité.
i never bet.,je n'ai jamais parié.
are you happy?,êtes-vous contentes ?
i'll go home.,j'irai chez moi.
who built it?,qui l'a construite ?
i need glue.,j'ai besoin de colle.
now fix that.,"maintenant, répare ça."
you're sick!,tu es malade!
it's serious.,c'est sérieux.
can you see?,arrives-tu à voir ?
i deserve it.,je le mérite.
i felt ill.,je me sentais malade.
you're crazy.,tu es cinglé.
memorize it.,mémorisez-la.
come off it.,laisse tomber.
i got dumped.,j'ai été largué.
sit down!,asseyez-vous !
i'll grab it.,je mettrai la main dessus.
have fun.,amuse-toi bien !
be respectful.,soyez respectueuse !
of course.,bien sûr.
go on.,continuez.
i'm jealous.,je suis jalouse.
any questions?,de quelconques questions ?
he's out now.,il est actuellement à l'extérieur.
now fix that.,"maintenant, corrigez cela."
release him.,relâche-le !
move over.,pousse-toi.
write me.,écrivez-moi !
is that love?,est-ce de l'amour ?
come on!,allez !
we saw you.,nous t'avons vue.
i'm on duty.,je suis en service.
i'm reading.,je lis.
i love mary.,j'aime mary.
now drink up.,"maintenant, buvez d'un coup !"
is it true?,c'est vrai ?
tom left.,tom est parti.
go get it.,va le chercher !
tom'll come.,tom va venir.
i mean it.,je suis sérieux.
i did my job.,j'ai effectué mon boulot.
it's silent.,c'est silencieux.
use them all.,utilise-les toutes !
thank you.,merci !
we're dying.,nous sommes en train de mourir.
i loved that.,j'ai adoré ça.
you're first.,tu passes en premier.
give it to me.,donne-la-moi.
it's the law.,c'est la loi.
i felt sad.,je me suis sentie triste.
i cried.,j'ai pleuré.
she shrieked.,elle a crié.
have a drink.,prenez une boisson !
i won't cry.,je ne crierai pas.
drink it down.,buvez-le !
it's dark.,c'est sombre.
i'm biased.,j'ai un parti pris.
am i dying?,suis-je en train de trépasser ?
clean it up.,nettoie-le.
ask anybody.,demande à n'importe qui !
i need a cab.,j'ai besoin d'un taxi.
i got dizzy.,j'ai été pris de vertiges.
i hate milk.,je déteste le lait.
he has a maid.,il a une servante.
i'm not fat.,je ne suis pas gros.
i guess so.,je le suppose.
i'm fine.,tout va bien.
i work alone.,je travaille seule.
tell me.,dites-moi !
life is hard.,la vie est dure.
keep talking.,continue à parler.
you're early.,vous êtes matinal.
i'm in bed.,je suis alitée.
i'm awake.,je suis réveillé.
did you sign?,as-tu signé ?
show me.,montrez-moi !
get to bed.,allez au lit !
wake up.,réveillez-vous !
keep driving.,roulez !
we must go.,nous devons partir.
i see them.,je les vois.
stay awake.,reste debout.
did tom eat?,tom a-t-il mangé ?
come right in.,"entrez, je vous prie."
be friendly.,sois amical !
i'm buying.,je paie.
i survived.,j'ai survécu.
i guess not.,je suppose que non.
don't ramble.,ne radote pas.
no one moved.,personne n'a bougé.
i assume so.,je le suppose.
i don't date.,je ne sors pas avec une fille.
i'm stunned.,je suis sidéré.
is that you?,est-ce que c'est vous ?
i'm alone.,je suis seul.
good evening.,bonsoir.
is it to go?,cela doit-il partir ?
i won't cry.,je ne pleurerai pas.
how nice!,comme c'est gentil !
i can't go.,je ne peux pas y aller.
keep writing.,continue à écrire.
it stinks.,ça pue.
wait a bit.,attends une seconde !
may i begin?,puis-je commencer ?
we'll decide.,nous déciderons.
it's started.,c'est commencé.
it's a scam.,il s'agit d'une arnaque.
be watchful.,sois prudente !
let me in.,laissez-moi entrer.
tom loved it.,tom adorait ça.
i'm yours.,je suis à vous.
"i'm 17, too.",j'ai également dix-sept ans.
i'm humble.,je suis humble.
they laughed.,elles ont ri.
you hurt him.,tu l'as blessé.
that's his.,c'est la sienne.
you drive.,vous conduisez.
i'm reformed.,je me suis amendée.
they burned.,elles ont brûlé.
it's obvious.,c'est évident.
we want one.,nous en voulons une.
come alone.,venez seules !
don't be mean.,ne soyez pas mesquin !
is this love?,est-ce de l'amour ?
i doubt it.,j'en doute.
it's stupid.,c'est bête.
we all quit.,nous arrêtons tous.
are you there?,vous êtes là ?
it'll break.,ça va casser.
i cringed.,j'eus un mouvement de recul.
did i win?,est-ce moi qui ai gagné ?
i need paint.,j'ai besoin de peinture.
be prepared.,soyez prêtes !
i love you.,je t'adore.
we're shy.,nous sommes timides.
be still.,soyez calmes !
i'm not dumb.,je ne suis pas abruti.
i'm jittery.,j'ai la frousse.
i'm fat.,je suis gras.
i must go.,je dois m'en aller.
catch tom.,attrape tom.
are they cops?,c'est des flics ?
is that true?,c'est vrai ?
i want one.,j'en veux un !
back off.,retirez-vous.
go to school.,allez à l'école !
tom helped.,tom aida.
it's too big.,c'est trop gros.
i saved you.,je vous ai sauvés.
are they dead?,sont-ils morts ?
i'm going.,je pars maintenant.
i'm crazy.,je suis folle.
is it nearby?,est-ce dans les environs ?
we buy cds.,nous achetons des cd.
we'll start.,nous commencerons.
i felt sad.,je me suis senti triste.
wake up!,réveillez-vous !
i woke up.,je me suis éveillé.
i eat here.,je mange ici.
how nice!,comme c'est agréable !
nobody died.,personne n'est mort.
where was i?,où étais-je ?
i pay taxes.,je paye des accises.
i'm so tired.,je suis tellement fatiguée.
we'll stand.,nous nous tiendrons debout.
i had fun.,je me suis amusée.
i'm worried.,je me fais du souci.
take a bus.,prenez un bus.
drive safely.,conduisez prudemment.
they gave up.,ils abandonnèrent.
are you ready?,êtes-vous prêt ?
i feel faint.,je me sens pris de malaise.
i am going.,j’y vais.
keep trying.,continue d'essayer.
who drew it?,qui l'a dessiné ?
he has a book.,il dispose d'un livre.
let me talk.,laissez-moi parler.
tom was safe.,tom était sain et sauf.
i messed up.,j'ai sali.
it's no good.,ce n'est pas bon.
i'm engaged.,je suis fiancé.
i inhaled.,j’ai inspiré.
how's tom?,comment tom va-t-il ?
turn it up.,monte-le.
please stop.,veuillez arrêter.
stop lying.,arrête de mentir.
how is tom?,comment va tom ?
i'm grounded.,je suis clouée.
tom'll pay.,tom paiera.
what a night!,quelle nuit !
we're biased.,nous avons des préjugés.
i don't date.,je ne sors pas avec des filles.
do it quickly.,fais-le vite !
cut it out!,arrêtez !
tom's sorry.,tom est désolé.
they fell.,elles sont tombées.
he has a car.,il dispose d'un véhicule.
tell me more.,dis-m'en davantage.
i remember.,je m'en souviens.
bring food.,apporte à manger.
don't give up.,n'abandonnez pas.
have a look.,regardez !
i've got you.,je vous ai eue.
do you see me?,me voyez-vous ?
it's a plant.,il s'agit d'une plante.
get your gear.,va chercher ta tenue !
i was tired.,j’étais fatiguée.
get real!,sois réaliste !
what is that?,qu'est-ce ?
you're quiet.,tu es calme.
this is big.,c'est grand.
it went ok.,ça s'est bien passé.
i can read.,je sais lire.
it's missing.,c'est manquant.
tell tom.,dis-le à tom.
i looked.,j’ai regardé.
stay with us.,reste avec nous.
tom is a spy.,tom est un espion.
i'm rich.,je suis riche.
he can read.,il peut lire.
i was bored.,je m'ennuyais.
i am a cook.,je suis cuisinier.
i never win.,jamais je ne l'emporte.
you're thin.,vous êtes mince.
i was shaken.,j'ai été remuée.
we'll fail.,nous échouerons.
take it easy!,détendez-vous !
i'm not here.,je ne suis pas là.
we promised.,nous promîmes.
be merciful.,soyez cléments !
i'm fit.,je suis en forme.
i've got you.,je vous ai eus.
i am married.,je suis mariée.
he needs you.,il a besoin de toi.
god bless you!,que dieu vous bénisse !
tom laughed.,tom rit.
come over.,venez chez moi !
i'm in love.,je suis amoureuse.
i'm chicken.,j'ai les chocottes.
this is hers.,ce sont les siens.
i need them.,j'ai besoin d'eux.
go with tom.,va avec tom.
let us out.,laisse-nous sortir !
go ahead.,poursuis !
my eyes hurt.,j'ai mal aux yeux.
i had fun.,je me suis amusé.
where am i?,où suis-je ?
we are boys.,nous sommes des garçons.
you are mad.,tu es fou.
it's garbage.,ce sont des détritus.
tom's fast.,tom est rapide.
take care!,soyez prudente !
kiss tom.,embrasse tom.
be prepared.,soyez prête !
i'm the boss.,je suis la patronne.
be a good boy.,sois un chic type !
are you ready?,êtes-vous prête ?
they're old.,elles sont vieilles.
they sweated.,ils ont transpiré.
i might stay.,il se pourrait que je reste.
i said that.,j'ai dit ça.
tom coughed.,thomas toussota.
please smile.,"souris, s'il te plaît !"
i can't help.,je n'y peux rien.
no one cares.,tout le monde s'en fout.
we live here.,nous vivons ici.
grab that.,attrape ça !
no way!,c'est hors de question !
i'm the best.,je suis la meilleure.
i'm not done.,je n'ai pas terminé.
we talked.,nous nous sommes entretenus.
i'm home.,je suis chez moi.
i'm fine.,ça va.
we talked.,nous nous entretînmes.
he let me go.,il me laissa partir.
stop arguing.,arrêtez de vous quereller !
i hurried.,je me suis dépêchée.
i'll pay.,je paierai.
you're cruel.,vous êtes cruels.
did tom call?,est-ce que tom a appelé ?
i cry easily.,je pleure facilement.
i need more.,il m'en faut plus.
now drink up.,"vide ton verre, maintenant !"
what is it?,qu'est-ce ?
stop yelling.,arrête de hurler.
i'm free.,je suis libre.
you're lazy.,tu es paresseux.
any questions?,des questions ?
you're moody.,tu es lunatique.
do cats dream?,les chats rêvent-ils ?
bring the key.,emmène la clé.
he stood up.,il se mit debout.
play it cool.,joue-la pépère.
i felt bad.,je me suis senti mal.
he was busy.,il était occupé.
mama cried.,maman a pleuré.
i'll sue you.,je te poursuivrai en justice.
stay with us.,demeurez avec nous.
do what i say.,faites ce que je dis.
we want one.,nous en voulons un.
it's urgent.,c'est urgent.
take this.,prenez ça.
we are here.,nous y sommes.
am i wrong?,me trompé-je ?
come off it.,arrête ton char.
catch him.,rattrape-le.
don't gloat.,ne jubile pas !
"wake up, tom.","réveille-toi, tom !"
i whistled.,j’ai sifflé.
i'm winning.,je l'emporte.
help us.,aidez-nous !
do what i say.,fais ce que je dis.
who's going?,qui va y aller ?
i'm an agent.,je suis un agent.
are they tall?,sont-elles grandes ?
what a day!,quelle journée !
i thank you.,je te remercie.
you may go.,vous pouvez partir.
crime is down.,c'est la criminalité qui est en baisse.
i've done it.,je l'ai fait.
he is sick.,il est malade.
it's no joke.,ce n'est pas une blague.
stay with us.,demeure avec nous.
you're cruel.,vous êtes cruelle.
try it again.,essaye à nouveau.
they won.,elles gagnèrent.
are you deaf?,êtes-vous sourd ?
don't bother.,ne dérangez pas.
i hugged her.,je l'étreignis.
it's a waste.,c'est un gaspillage.
be prepared.,soyez prêts !
fix this.,réparez ceci.
you're weird.,vous êtes bizarres.
tom's free.,tom est libre.
i'm relaxed.,je suis détendu.
i was moved.,j'étais ému.
we all know.,nous le savons toutes.
i'll kill it.,je le tuerai.
it's garbage.,c'est de la daube.
will you go?,t'y rendras-tu ?
are you there?,t'es là ?
i am a man.,je suis un homme.
are you young?,es-tu jeune ?
that's free.,c'est gratuit.
trust me.,faites-moi confiance.
i got lost.,je me suis perdu.
you are good.,vous êtes bons.
stop them.,arrêtez-les.
who wants it?,qui en veut ?
tom's stoned.,tom est défoncé.
take mine.,prenez le mien.
i was last.,j'étais dernière.
i phoned him.,je lui ai téléphoné.
you go first.,vous en premier.
i'm very fat.,je suis très gras.
they're boys.,ce sont des garçons.
it stinks.,ça sent mauvais.
tom knows.,tom sait.
he was wrong.,il avait tort.
you're lazy.,tu es paresseuse.
it worked.,ça a fonctionné.
be confident.,soyez confiantes !
can i go now?,est-ce que je pourrais y aller maintenant ?
i feel blue.,je me sens déprimée.
who has come?,qui est venu ?
i must run.,je dois courir.
he's crying.,il est en train de pleurer.
go on ahead.,continue en avant.
am i included?,suis-je incluse ?
i'll obey.,j'obéirai.
it's not new.,ce n'est pas nouveau.
i waited up.,j'ai veillé.
let me in.,laissez-moi rentrer.
tom got weak.,tom devint faible.
i'm baffled.,je suis perplexe.
let go of me.,lâchez-moi !
i need you.,j'ai besoin de toi.
i never win.,je ne gagne jamais.
take care.,prends soin de toi.
he's drunk.,il est soûl.
are you mad?,êtes-vous fou ?
i want you.,je vous veux !
she is lucky.,elle est chançarde.
seize him!,capturez-le !
awesome!,fantastique !
answer tom.,répondez à tom.
beats me.,aucune idée.
i must leave.,il me faut partir.
i felt awful.,je me suis senti affreusement mal.
they're mine.,ce sont les miennes.
i'll grab it.,je le saisirai.
keep running.,continue à courir.
run for it!,sauvez-vous !
move over.,poussez-vous.
i won't go.,je n'irai pas.
look around.,regarde autour de toi.
keep that.,garde ça.
he had a dog.,il avait un chien.
i'm crazy.,je suis fou.
he got caught.,il s'est fait prendre.
i got fined.,on m'a mis une prune.
she can swim.,elle sait nager.
we'll manage.,nous y arriverons.
is that it?,est-ce cela ?
it'll happen.,ça aura lieu.
i'm a farmer.,je suis fermier.
i liked tom.,j'ai aimé tom.
pardon me?,pardon ?
please stop.,"s'il vous plaît, arrêtez."
i burned it.,je l'ai brûlée.
i'm tough.,je suis dure.
feel this.,touche ça !
are you sure?,êtes-vous sûrs ?
i have food.,j'ai de la nourriture.
come outside.,viens dehors.
who fell?,qui est tombé ?
drive on.,avancez !
it's clean.,c'est propre.
wait!,attendez !
i exercise.,je m’entraîne.
forget it.,oublie-le !
i'm inside.,je me trouve à l'intérieur.
he's a bigot.,c'est un illuminé.
are you mad?,êtes-vous folle ?
he has guts.,il a des tripes.
you must go.,tu dois y aller.
let's all go.,allons-y tous !
it's tom.,c'est tom.
take a break.,fais une pause.
well done!,bien cuit !
be prepared.,tenez-vous prête !
hang on!,attendez un peu !
get to bed.,va au lit !
could i do it?,serais-je capable de le faire ?
i confessed.,je l'ai confessé.
i'm dancing.,je suis en train de danser.
it was long.,c'était long.
let's split.,divisons-nous !
i felt great.,je me suis très bien sentie.
i was late.,j'étais en retard.
he quit.,il a laissé tomber.
i'm full.,je suis rassasié !
is this wine?,s'agit-il de vin ?
please come.,"venez, je vous prie."
drive safely.,conduis prudemment !
i felt naked.,je me suis senti nu.
come get me.,venez me chercher.
abandon ship!,abandonnez le navire !
i'm game.,j'en suis.
sit down!,assieds-toi !
they crashed.,ils se sont écrasés.
walk slowly.,marche lentement.
come quickly.,viens vite.
he stood up.,il se dressa.
could i do it?,pourrais-je le faire ?
is it broken?,est-ce brisé ?
they relaxed.,elles se sont détendues.
don't die.,ne mourez pas !
i love tom.,j'aime tom.
you're safe.,vous êtes en sécurité.
are you busy?,êtes-vous occupés ?
you're lost.,tu es perdu.
i've lost it.,je l’ai perdu.
it is cold.,il fait froid.
see below.,voir ci-dessous.
now i'm sad.,maintenant je suis attristé.
i'm not evil.,je ne suis pas mauvais.
are we lost?,sommes-nous perdues ?
i feel lost.,je me sens perdue.
stay a while.,reste un moment !
we remember.,nous nous en souvenons.
taste it.,goûte-la.
got it!,compris !
i'm humming.,je fredonne.
don't shout.,ne crie pas.
i am ashamed.,j'ai honte.
tom's left.,tom partit.
take notes.,prenez des notes.
it's dead.,il est mort.
that will do.,ça fera l'affaire.
you can come.,tu peux te joindre.
he is a dj.,il est dj.
are you home?,êtes-vous chez nous ?
i'm ugly.,je suis laide.
i'll work.,je travaillerai.
how dare you!,comment oses-tu !
i was alone.,je me trouvais seule.
loosen up.,laissez-vous aller !
stand still!,tiens-toi tranquille !
tom spoke.,tom a parlé.
don't move.,ne bougez pas.
i want one!,j'en veux une !
get my rifle.,attrape mon fusil !
i'm dying.,je me meurs.
we need rest.,nous avons besoin de repos.
how cute!,comme c'est mignon !
is that love?,c'est ça l'amour ?
i feel weak.,je me sens faible.
he let us go.,il nous a laissés nous en aller.
he is hated.,il est haï.
it's mine.,c'est la mienne.
don't leave.,ne pars pas !
who is there?,qui est là ?
can you swim?,est-ce que tu sais nager ?
many thanks.,grand merci.
that's ok.,ce n'est pas grave.
tom'll call.,tom appellera.
it matters.,ça importe.
bring it here.,apportez-le ici.
bring the key.,apporte la clé.
grab my hand.,saisissez-moi la main !
take a card.,prends une carte.
go away.,dégage !
don't ask.,ne demande pas !
ask around.,demande alentour !
i'm too busy.,je suis trop occupé.
what a shame!,quelle honte !
i'm starving!,je meurs de faim !
i want one.,j'en veux une !
keep driving.,continuez à rouler !
i just moved.,je viens juste de déménager.
they're cops.,ce sont des flics.
memorize it.,mémorisez-le.
i'm thorough.,je suis consciencieux.
i go jogging.,je vais courir.
i'm tom.,je suis tom.
don't smile.,ne souriez pas.
he's not in.,il n'est pas à l'intérieur.
thanks a lot.,mille mercis.
he's broke.,il est ruiné.
are we safe?,sommes-nous en sécurité ?
go with tom.,allez avec tom.
feed the bird.,nourris l'oiseau !
we're ready.,nous sommes prêtes.
that's hers.,c'est la sienne.
we can't win.,nous ne pouvons par l'emporter.
give it to me.,donnez-le-moi.
don't be sad.,ne sois pas vexé.
tom is drunk.,tom est soûl.
tom can stay.,tom peut rester.
are you crazy?,tu es folle ?
birds sing.,les oiseaux chantent.
are you ready?,êtes-vous prêts ?
it'll happen.,ça surviendra.
you're fun.,t'es marrante.
we're strong.,nous sommes fortes.
are you tired?,êtes-vous fatiguée ?
i'm not mad.,je ne suis pas fou.
i'm a coward.,je suis un lâche.
cook the rice.,cuisez le riz.
leave us.,laissez-nous !
i'll be fine.,ça va aller.
i'm staying.,je reste.
we're buying.,nous achetons.
i'm calm.,je suis calme.
they relaxed.,ils se sont détendus.
let's kiss.,embrassons-nous.
can i go now?,puis-je m'en aller maintenant ?
i disagree.,je ne suis pas d'accord.
that's ok.,ça va.
ok. i agree.,bien. je suis d’accord.
he loves me.,il m'aime.
do you smoke?,est-ce que tu fumes ?
stay calm.,reste tranquille.
i'll try.,j'essaierai.
we're done.,nous en avons fini.
he's a dj.,il est dj.
is tom alive?,est-ce que tom est vivant ?
he was wrong.,il a eu tort.
are we done?,avons-nous terminé ?
i'm busy.,je suis occupée.
get the box.,prends la boîte.
they kissed.,ils se sont embrassés.
i'm fair.,je suis juste.
let me go!,laisse-moi y aller !
i drink beer.,je bois de la bière.
are you up?,êtes-vous levée ?
i've lost.,j'ai perdu.
are you lost?,êtes-vous perdues ?
did i win?,ai-je gagné ?
be discreet.,soyez discrètes !
be respectful.,soyez respectueux !
it's done.,c'est fait.
that's ok.,il n'y a pas de problème.
you promised.,vous avez promis.
he let me go.,il me laissa m'en aller.
have another.,prends-en un autre.
i'm not ugly.,je ne suis pas laid.
we can try.,nous pouvons essayer.
do i know tom?,est-ce que je connais tom ?
he is a poet.,il est poète.
we agree.,nous sommes d'accord.
i'm not deaf.,je ne suis pas sourd.
hurry up.,grouille !
we made it.,nous l'avons fait.
it's hers.,c'est le sien.
tom's lying.,tom ment.
wake up!,réveille-toi !
be calm.,sois calme !
i'm so happy.,je suis si heureux.
who's hungry?,qui a faim ?
anyone hurt?,qui que ce soit est-il blessé ?
can we talk?,pouvons-nous parler ?
can i come in?,puis-je entrer ?
i had doubts.,j'avais des doutes.
go warm up.,va t'échauffer !
let him go.,laissez-le partir !
i'm innocent.,je suis ingénu.
i caught tom.,j'ai attrapé tom.
can you try?,pouvez-vous essayer ?
i'm finished.,j'ai terminé.
take a rest.,repose-toi.
do you fish?,vous pêchez ?
i disagreed.,j’ai marqué mon désaccord.
i'm the boss.,c'est moi la patronne.
he's so cute.,il est tellement mignon !
pick it up.,ramasse-le.
you're sick!,vous êtes malade !
ignore tom.,ignorez tom.
we got lucky.,nous avons eu de la chance.
get a doctor.,va chercher un médecin !
i'm thorough.,je suis minutieux.
i can sing.,je sais chanter.
i will fight.,je me battrai.
stop!,stop !
tom'll quit.,tom va démissionner.
are we done?,en avons-nous terminé ?
i beg you.,je vous en supplie.
cool it down.,baisse le ton.
who wants it?,qui veut ça ?
i saw you.,je t'ai vu.
are you home?,êtes-vous à la maison ?
many thanks.,merci bien.
wake tom up.,réveille tom !
it has begun.,ça a commencé.
are you sure?,êtes-vous sûr ?
let me go!,laissez-moi m'en aller !
i panicked.,j'ai paniqué.
stay still.,ne bouge pas.
tom came.,tom est venu.
you're rich.,vous êtes riches.
you've tried.,tu as essayé.
i'll be nice.,je serai gentil.
i need them.,j'ai besoin d'elles.
who did it?,qui l'a fait ?
can you pitch?,savez-vous donner le ton ?
take mine.,prenez les miennes.
i mean it!,je suis sérieux !
aim. fire!,en joue ! feu !
they burned.,ils ont brûlé.
i'm kidding.,je plaisante.
watch us.,regarde-nous !
it's garbage.,ce sont des conneries.
ok. go ahead.,"d'accord, allez-y."
i'm powerful.,je suis puissante.
call home!,appelle à la maison !
don't push it.,ne pousse pas le bouchon !
tom walks.,tom marche.
i washed it.,je l'ai lavé.
i like that.,j'apprécie cela.
he can't swim.,il ne sait pas nager.
come soon.,viens bientôt !
you're weak.,tu es faible.
it's mine.,c'est le mien.
i'm a farmer.,je suis un agriculteur.
hurry home.,dépêche-toi d'aller chez toi !
trust me.,fais-moi confiance.
follow him.,suivez-le !
you're rude.,tu es grossière.
let him go!,laisse-le partir !
smell this.,sentez ceci.
i'm eating.,je mange.
he likes me.,il m'apprécie.
i called you.,je vous ai appelés.
they're gone.,il n'y en a plus.
i'm all ears.,je suis tout ouïe.
it's right.,c'est juste.
get the box.,prenez la boîte.
you did that.,vous avez fait cela.
don't move!,ne bougez pas !
iron is hard.,le fer est dur.
tom hates me.,tom me déteste.
it worked.,ça a marché.
beat it.,dégage !
he has wine.,il a du vin.
i'll pass.,je passerai.
tom looked.,tom regarda.
we're paying.,nous sommes en train de payer.
turn it up.,montez-le.
we did it.,nous avons réussi !
come on.,viens !
she's a fox.,c'est un renard.
i'm not shy.,je ne suis pas timide.
anybody here?,y a-t-il qui que soit ici ?
they sweated.,elles ont transpiré.
take a bite.,croque !
i'm baking!,je cuis !
tom agrees.,tom est d'accord.
tom smokes.,tom fume.
see you soon!,à bientôt !
they gave up.,elles ont abandonné.
i was busy.,j'étais occupée.
you're naive.,vous êtes naïf.
are you lost?,êtes-vous perdu ?
she is young.,elle est jeune.
he got angry.,il s'est mis en colère.
i'm no rebel.,je ne suis pas un rebelle.
i was last.,j'ai été dernière.
god bless you!,dieu te bénisse !
we're trying.,nous essayons.
it works.,elle marche.
"oh, really?",oh ! vraiment ?
let me die.,laisse-moi mourir.
here i come.,me voici.
now drink up.,"finissez votre verre, maintenant !"
he found it.,il l'a trouvé.
it's all ok.,c'est tout bon.
fire!,au feu !
it was night.,il faisait nuit.
i'll attend.,j'y assisterai.
go now.,"va, maintenant."
i'm armed.,je suis armé.
wait here.,attends ici.
it's my job.,c'est mon métier.
she liked it.,elle l'a apprécié.
i made plans.,j'ai élaboré des plans.
it was fair.,c'était juste.
tom is ok.,tom va bien.
i can jump.,je peux sauter.
do fish sleep?,les poissons dorment-ils ?
i'm sloshed.,je suis bourrée.
let me check.,laisse-moi contrôler.
i wrote that.,c'est moi qui ai écrit ça.
i'm finished.,j'en ai terminé.
i need a job.,il me faut un travail.
it's odd.,c'est bizarre.
i'm losing.,je suis en train de perdre.
be calm.,soyez calmes !
i'm truthful.,je dis la vérité.
don't die.,ne meurs pas !
it's a scam.,c'est une arnaque.
i'm okay.,je me porte bien.
i'm not busy.,je ne suis pas occupé.
wait for tom.,attends tom.
i'm not sad.,je ne suis pas triste.
i have a pen.,j’ai un stylo.
what's wrong?,qu'est-ce qui ne va pas ?
have a snack.,prenez un en-cas !
i'm tired.,je suis fatigué !
i like both.,j'aime les deux.
they're bad.,elles sont mauvaises.
stand back!,reculez !
ignore tom.,ignore tom.
i'm rational.,je suis rationnelle.
we'll try.,nous tenterons.
tom is new.,tom est nouveau.
stay down!,restez baissé.
can you swim?,sais-tu nager ?
we're shaken.,nous sommes remués.
i did my job.,j'ai fait mon travail.
here we go.,c'est parti !
we're pooped.,nous sommes crevés.
tom is dying.,tom meurt.
are you bald?,es-tu chauve ?
this is love.,c'est l'amour.
we saw you.,nous vous avons vu.
get out.,sors.
i saw it.,je l’ai vu.
stay in bed.,restez alité !
can you drive?,sais-tu conduire ?
are you busy?,es-tu occupé ?
don't move!,ne bouge pas !
i like blue.,j'apprécie le bleu.
it's ironic.,c'est ironique.
i'm famished.,je suis affamé !
i felt dumb.,je me suis senti idiot.
i'm sure.,j'en suis sûre.
you're nuts!,vous êtes givré !
i felt awful.,je me suis sentie affreusement mal.
tom's deaf.,tom est sourd.
you're fussy.,tu es difficile.
we'll drive.,nous conduirons.
shut up!,ferme-la !
stay in bed.,restez au lit !
i'm grateful.,je suis reconnaissant.
get off of me.,lâche-moi.
tom drives.,tom conduit.
we're lost.,nous sommes perdus.
it's warmer.,c'est plus chaud.
i did that.,c'est moi qui l'ai fait.
be a man.,sois un homme !
leave me.,laissez-moi !
i got fined.,j'ai été verbalisée.
are you alone?,êtes-vous seul ?
he will come.,il devrait arriver.
i can manage.,je peux me débrouiller.
i'm normal.,je suis normale.
we overslept.,nous n'avons pas entendu le réveil.
who has it?,qui l'a ?
stop crying.,arrête de pleurer !
i am coming.,j'arrive.
he kicked it.,il y donna un coup de pied.
i was warned.,on m'a prévenu.
you're weird.,vous êtes bizarre.
use them all.,utilisez-les toutes !
tom is mad.,tom est fou.
don't push it.,pousse pas le bouchon !
do you agree?,tu es d'accord ?
do me a favor.,fais-moi une faveur.
i always win.,je gagne toujours.
they escaped.,elles se sont échappées.
it's complex.,c'est compliqué.
no one came.,personne n'est venu.
is it a deer?,s'agit-il d'un cerf ?
please leave.,veuillez vous en aller.
call a doctor.,appelle un médecin !
i saw a dog.,j'ai vu un chien.
face facts!,regardez les faits en face.
they hugged.,ils se sont enlacés.
you're nuts!,t'es givrée !
need a lift?,t'as besoin d'un chauffeur ?
are you hot?,avez-vous chaud ?
don't be mad.,ne fais pas la tête.
i'm creative.,je suis créative.
are we alone?,sommes-nous seules ?
keep trying.,continuez à essayer.
he gave in.,il céda.
you're good.,vous êtes bon.
look here.,regarde ici.
be fair.,soyez équitable !
what fun!,qu'est-ce qu'on s'est marrées !
let's do it!,mettons-nous y !
we made it.,nous avons réussi.
is it clean?,est-ce propre ?
tom is wise.,tom est raisonnable.
i must hurry.,je dois me hâter.
i pay taxes.,je paie des impôts.
get out!,sortez !
call the cops.,appelle les flics !
we succeeded!,nous avons réussi !
i'm dizzy.,j'ai la tête qui tourne.
that's it.,c'est ça.
here's $5.,voilà cinq dollars.
have a drink.,prenez un verre !
you're cruel.,vous êtes cruel.
you're free.,vous êtes libre.
i'm reformed.,je me suis amendé.
give it to me.,donne-le-moi.
did tom fall?,tom est-il tombé ?
he will come.,il viendra.
forget it!,oubliez !
did that work?,ça a fonctionné ?
stop arguing.,arrête de te quereller !
i'm not sure.,je n'en suis pas certain.
i'm ruthless.,je suis impitoyable.
they crashed.,elles se sont écrasées.
you're fair.,tu es juste.
we'll go.,nous irons.
grab a seat.,prends-toi un siège !
help us.,aide-nous !
i'm a baker.,je suis boulangère.
it's fun.,c'est rigolo.
i'm fussy.,je suis tatillonne.
can he see us?,est-il en mesure de nous voir ?
i'm naked.,je suis nue.
she's nice.,elle est gentille.
say goodbye.,dis au revoir.
tom paid.,tom a payé.
who built it?,qui l'a bâti ?
be calm.,soyez calme !
am i fat?,suis-je grosse ?
let me go.,laisse-moi partir !
i have proof.,j'ai une preuve.
i will try.,je vais essayer.
i need water.,il me faut de l'eau.
i'm excited.,je suis excitée.
please sing.,"chantez, je vous prie !"
i work alone.,je travaille seul.
you may swim.,tu peux nager.
it's open.,c'est ouvert.
don't kid me!,ne me charrie pas !
i'm unbiased.,je suis impartiale.
i tripped.,j'ai plané.
i'll pay you.,je vous paierai.
i'm retired.,je suis pensionné.
can he see me?,est-il en mesure de me voir ?
i'm so sorry.,je suis tellement désolée !
stop lying.,arrêtez de mentir.
what a shock!,quel choc !
hi.,salut !
it's green.,c'est vert.
that is mine.,c'est à moi.
what'd i do?,que ferais-je ?
what a bore!,quel emmerdeur !
you're good.,t'es bon.
wash up.,lavez-vous !
what is art?,qu'est-ce que l'art ?
he has money.,il dispose d'argent.
let's dance.,dansons.
we have room.,nous avons de la place.
you're early.,tu viens tôt.
here we are.,nous y voici.
who's coming?,qui vient ?
let me sleep.,laisse-moi dormir.
thanks again.,"encore une fois, merci."
war is hell.,"la guerre, c'est l'enfer."
i'm chubby.,je suis grassouillet.
i don't read.,je ne lis pas.
step forward.,fais un pas en avant.
i am human.,je suis humain.
he's swiss.,il est helvète.
are you busy?,êtes-vous occupé ?
i surrender.,je me rends.
i'm not mean.,je ne suis pas méchant.
she knows me.,elle me connaît.
it'll break.,ça va se biser.
i was naive.,j'ai été naïve.
i can run.,je sais courir.
don't push me.,ne me pousse pas !
it is a book.,ceci est un livre.
is tom ill?,est-ce que tom est malade ?
i was there.,je m'y trouvais.
i'll go back.,je reviendrai.
it was white.,c'était blanc.
i am sure.,je suis sûr.
have a seat.,prends place.
who told you?,qui vous l'a raconté ?
are you bored?,vous ennuyez-vous ?
i'm popular.,je suis populaire.
say hello.,dis bonjour.
won't you go?,ne vas-tu pas y aller ?
what for?,à quoi bon ?
are you deaf?,êtes-vous sourde ?
he was brave.,il était brave.
i was wrong.,j'eus tort.
tom's left.,tom est parti.
what a dope!,quel couillon !
be respectful.,soyez respectueuses !
i'd leave.,je partirais.
we have wine.,nous avons du vin.
are you sure?,êtes-vous sûre ?
cuff him.,menottez-le.
are you alone?,êtes-vous seule ?
what's new?,quoi de nouveau ?
take a look.,regarde !
come with me.,venez avec moi.
get dressed.,habille-toi.
is that so?,est-ce le cas ?
we're even.,nous sommes quittes.
be creative.,soyez créatives !
is it a wolf?,est-ce un loup ?
i saw it.,je l'ai vu.
we're here.,nous sommes là.
let's do it!,faisons-le !
am i fired?,vous me mettez à la porte ?
i loved you.,je t'ai aimée.
that's odd.,c'est bizarre.
i'm bleeding.,je suis en train de saigner.
time is up.,le temps est écoulé.
who cheated?,qui a triché ?
i have a gun.,je dispose d'une arme.
nice timing.,pile poil !
we all quit.,nous démissionnons toutes.
we like tom.,nous aimons tom.
i waved.,j’ai fait signe.
feed the bird.,nourrissez l'oiseau.
is this fake?,est-ce du chiqué ?
tom paints.,tom peint.
i'm starved.,j'ai la dalle.
get some rest.,prenez quelque repos !
you're safe.,tu es en sécurité.
don't despair.,ne désespérez pas !
it's ours.,c'est le nôtre.
i want to go.,je veux m'en aller.
don't kid me!,ne me faites pas marcher !
i went twice.,je m'y suis rendue à deux reprises.
i'm a cop.,je suis flic.
can i ask who?,puis-je demander qui ?
please sing.,"s'il te plaît, chante !"
don't do this.,ne faites pas ça !
i've decided.,j'ai décidé.
be nice.,sois gentil !
i am so sick.,je suis tellement malade.
is tom sure?,est-ce que tom est sûr ?
i woke up.,je me suis réveillé.
i paid.,j’ai payé.
i'm a surfer.,je suis surfeur.
you must go.,tu dois t'en aller.
get to bed.,au lit !
get your gear.,allez chercher votre matériel !
you're stuck.,t'es planté.
how is life?,comment est la vie ?
try it again.,essaie de nouveau.
you're lazy.,vous êtes paresseux.
i'm psychic.,je suis voyante.
i'm shy.,je suis timide.
did i ask you?,te l'ai-je demandé ?
we're broke.,nous sommes fauchées.
let's party.,faisons la fête.
help me.,aidez-moi.
he quit.,il laissa tomber.
i felt happy.,je me suis senti heureux.
i smell gas.,je sens le gaz.
i get it.,j'ai compris.
let's work.,travaillons !
i'm okay.,je vais bien.
what is that?,qu'est-ce que c'est que ça ?
go slow.,va doucement !
i know cpr.,je connais la rcp.
come off it!,arrête de te la péter !
it's a shame.,c'est dommage.
keep quiet!,restez tranquille !
are you bored?,vous vous ennuyez ?
it's locked.,c'est verrouillé.
don't be shy.,ne vous gênez pas.
we sat there.,nous nous sommes assis là-bas.
call me back.,rappelez-moi.
hold my hand.,tiens ma main.
look out!,regarde donc !
i am tired.,je suis fatigué !
don't do it.,ne le fais pas !
close the box.,fermez la boîte.
she is wrong.,elle a tort.
this is lame.,c'est mauvais.
i sell shoes.,je vends des chaussures.
i'm 99% sure.,j'en suis sûr à 99%.
be yourself.,soyez vous-même.
they voted.,ils ont voté.
go away!,dégage !
are you hurt?,êtes-vous blessées ?
be watchful.,soyez prudent !
i saw one.,j'en ai vu un.
i want that.,je le veux.
don't get fat.,ne grossis pas.
i'm so full.,je suis tellement rassasié.
i felt ill.,je me sentis malade.
anyone home?,qui que ce soit est-il à la maison ?
you are good.,vous êtes bon.
this is mine.,il s'agit du mien.
tom's lucky.,tom est chanceux.
i'm teasing.,je taquine.
don't speak.,ne parle pas.
they're weak.,elles sont faibles.
just say yes.,dis juste oui !
don't despair.,ne désespère pas !
you're nuts!,vous êtes givrée !
it's sweet.,c'est mignon.
i'm free now.,je suis libre maintenant.
you promised.,tu as promis.
be nice.,sois gentille !
stand back!,reculez-vous !
i saved you.,je t'ai sauvée.
let me try.,laissez-moi essayer.
good morning.,bonjour !
nice timing.,pile à l'heure !
let's drink.,buvons !
i'm gullible.,je suis crédule.
you're shy.,vous êtes timide.
tom is dying.,thomas est mourant.
it's my book.,c'est mon livre.
memorize it.,mémorise-le.
don't rush.,ne vous précipitez pas.
sign here.,signe ici.
please come.,"s'il te plait, viens."
i succeeded.,j’ai réussi.
who will win?,qui va gagner ?
i'm at work.,je suis au travail.
bless you.,à tes souhaits !
tom's afraid.,tom est apeuré.
i got carded.,on m'a demandé ma carte d'identité pour vérifier mon âge.
i canceled.,j’ai annulé.
try this.,essaie ceci !
you're lying.,vous mentez.
you're nuts!,t'es dingue !
you are big.,tu es grand.
you're old.,vous êtes vieux.
it's awful.,c'est terrible.
how are you?,comment il va ?
she blushed.,elle a rougi.
of course!,mais ouais !
he made it.,il a réussi.
talk to me!,parle-moi !
i can do it.,je peux y parvenir.
he shall die.,il doit mourir.
shame on you!,honte à toi !
please leave.,"pars, je te prie."
is it hot?,est-ce chaud ?
i stood.,je me suis tenu debout.
i'm free.,je suis disponible.
i made tea.,j'ai préparé du thé.
what a jerk!,quel naze !
hand it over.,remets-le.
you're lying!,vous mentez !
it was flat.,il était plat.
are they new?,sont-ils neufs ?
i need water.,j'ai besoin d'eau.
take a card.,prenez une carte.
do your best.,faites au mieux.
tom's home.,tom est chez lui.
i want this.,je veux ceci.
it was ok.,c'était bon.
who told you?,qui vous l'a dit ?
i'm mistaken.,je me trompe.
i got upset.,j'ai été contrarié.
i'm naked.,je me trouve nu.
we all quit.,nous arrêtons toutes.
i got dizzy.,j'ai été prise de vertiges.
no one spoke.,personne ne parla.
you lost.,tu as perdu.
you're wrong.,tu as tort.
is it far?,est-ce éloigné ?
it's funny.,c'est drôle.
marry me.,épouse-moi !
i'm addicted.,j'ai une assuétude.
i could walk.,je pouvais marcher.
be discreet.,soyez discret !
what a bore!,quelle emmerdeuse !
make a guess.,devine !
i don't date.,je ne sors pas avec un garçon.
please leave.,je te prie de partir.
i want a job.,je veux un boulot.
it's new.,c'est nouveau.
be nice.,soyez gentille !
we must talk.,il nous faut discuter.
i'm faster.,je suis plus rapide.
i am so sick.,je suis si malade.
please stay.,"restez, s'il vous plaît."
it'll break.,il va se briser.
tom left me.,tom m’a quittée.
take it easy.,reste cool.
i'm cool.,je suis détendu.
stop whining.,arrête de geindre.
tom lied.,tom a menti.
is that so?,en est-il ainsi ?
am i hired?,suis-je engagé ?
i gave up.,j'ai abandonné.
i found it.,je l'ai trouvé.
this is ugly.,c'est laid.
i like china.,j'aime la chine.
we forgot.,nous avons oublié.
i hate beans.,je déteste les haricots.
he has braces.,il porte des bretelles.
draw a circle.,trace un cercle.
keep out.,n'entrez pas.
i'm famous.,je suis connu.
i was dizzy.,la tête me tournait.
bring food.,apportez de la nourriture.
i need a hug.,j'ai besoin d'un câlin.
i'm naked.,je suis à poil.
you're tough.,vous êtes dur.
i'll get you.,j'irai te prendre.
he's good.,il est bon.
tom is cruel.,tom est cruel.
help tom.,aidez tom.
face facts!,rendez-vous à l'évidence.
they're old.,ils sont vieux.
you tried.,vous avez essayé.
taste this.,essayez ceci !
we're tired.,nous sommes fatigués.
you're safe.,vous êtes sauves.
how are you?,comment allons-nous ?
i felt naked.,je me sentis nu.
don't be mean.,ne sois pas mesquin !
tom's eating.,tom est en train de manger.
i'm loaded.,je suis saoul.
are you busy?,es-tu occupé ?
i'm flabby.,je suis flasque.
call the cops.,appellez les flics !
it's not us.,ce n'est pas nous.
you're big.,vous êtes grande.
you're silly.,vous êtes idiotes.
i was alone.,j'étais seul.
i'm so tired.,je suis si fatiguée.
tom sighed.,tom soupira.
take cover!,mets-toi à l'abri !
be careful!,fais gaffe !
i'm at home.,je suis à la maison.
don't bother.,ne dérange pas.
keep singing.,continue de chanter.
go on.,poursuis.
make a list.,fais une liste !
i like dogs.,j'aime les chiens.
i've failed.,j'ai échoué.
cheers!,santé !
tom's afraid.,tom est effrayé.
it will burn.,ça va brûler.
show me.,montre-moi !
i'm greedy.,je suis gourmand.
be discreet.,soyez discrets !
beat the eggs.,battez les œufs.
you're big.,vous êtes grand.
it's sad.,c’est triste.
"i went, too.",j'y suis également allé.
stay in bed.,restez alitées !
i got fined.,j'ai pris une prune.
use them all.,utilisez-les tous !
stop tom.,stoppez tom.
did i ask you?,vous l'ai-je demandé ?
i nailed it.,j'ai mis la main dessus.
i got busy.,je suis devenu occupée.
drop the gun.,lâchez l'arme !
i can't go.,je ne peux pas m'y rendre.
release him.,relâchez-le !
what was it?,qu'était-ce ?
they'll grow.,ils grandiront.
it'll be hot.,il va faire chaud.
i relaxed.,je me suis détendu.
i'm tall.,je suis grande.
i'm no liar.,je ne suis pas un menteur.
we smiled.,nous avons souri.
you're kind.,tu es gentille.
it's a fad.,c'est une passade.
i like cats.,j’aime les chats.
how nice!,c'est du joli !
i'm grounded.,je suis cloué.
money talks.,l'argent est roi.
many thanks.,merci beaucoup !
you're drunk.,vous êtes saouls.
take mine.,prenez les miens.
you are rich.,vous êtes riches.
is it a wolf?,est-ce une louve ?
i hate that.,je déteste ça.
who phoned?,qui a téléphoné ?
it's a rumor.,il s'agit d'une rumeur.
where is it?,où est-il ?
i was wrong.,j'avais tort.
step forward.,avancez d'un pas.
i must go.,il faut que je m'en aille.
i'm ill.,je suis malade.
are you hurt?,vous êtes-vous blessés ?
i've retired.,j'ai pris ma retraite.
did that work?,est-ce que ça a marché ?
i won again.,j'ai à nouveau gagné.
tom drinks.,tom boit.
we're broke.,on est fauchés.
bring it here.,apporte-le ici.
who's here?,qui est là ?
do it quickly.,faites-le vite !
give me a hug.,serre-moi dans tes bras !
who sent you?,qui vous a envoyé ?
can we leave?,pouvons-nous partir ?
we're at war.,nous sommes en guerre.
i got upset.,j'ai été contrariée.
i'm not tom.,je ne suis pas tom.
i eat alone.,je mange seule.
we're saved.,nous sommes sauvés.
please stop.,"s'il te plaît, arrête."
i'll call.,j'appellerai.
did we win?,avons-nous gagné ?
he's in pain.,il souffre.
we get on ok.,on s'entend bien.
i can't wait.,je suis impatient.
attack!,attaque !
let me go!,laisse-moi partir !
tom refused.,tom a refusé.
it's too big.,c'est trop grand.
it's obvious.,ça saute aux yeux.
am i stupid?,suis-je idiot ?
what's that?,qu'est-ce que c'est que ça ?
i'm a priest.,je suis prêtre.
we saw you.,nous t'avons vu.
don't run.,ne cours pas.
how's tom?,comment va tom ?
i'm paying.,c'est moi qui paie.
cover it up.,camouflez-le.
i oppose it.,je m'y oppose.
give me a hug.,serrez-moi dans vos bras !
he broke them.,il les a cassées.
be careful.,sois prudente !
don't jump!,ne sautez pas !
she came.,elle est venue.
i messed up.,j'ai dégueulassé.
are we ready?,sommes-nous prêtes ?
i'm wealthy.,je suis fortuné.
i'm better.,je vais mieux.
tom was poor.,tom était pauvre.
cook for me.,cuisine pour moi.
have a donut.,prends un beignet.
i feel silly.,je me sens stupide.
thanks a lot.,merci bien.
be respectful.,sois respectueux !
i am cold.,j'ai froid.
i go to work.,je pars au boulot.
you're nice.,t'es sympa.
is it you?,est-ce toi ?
answer me.,répondez-moi.
get my rifle.,attrape ma carabine !
we like it.,nous l'apprécions.
i am right.,j'ai raison.
we're normal.,nous sommes normaux.
i have a car.,j'ai une voiture.
i'm cultured.,je suis cultivé.
try hard.,fais un effort.
i threw up.,j'ai vomi.
who's that?,qui est-ce ?
could we walk?,pourrions-nous marcher ?
what's this?,c'est quoi ?
we got lucky.,on a eu de la chance.
it's phony.,c'est du pipeau tout ça.
they said no.,ils dirent non.
no problem.,pas de problème.
they cheat.,elles trichent.
is tom lazy?,est-ce que tom est paresseux ?
this is ours.,c'est à nous.
i exhaled.,j’ai expiré.
am i early?,suis-je en avance ?
i'm free!,je suis libre !
anything new?,il y a du nouveau ?
don't kill me.,ne me tuez pas !
eat something.,mange quelque chose !
i'll risk it.,je tenterai le coup.
seize him!,attrapez-le !
they're bad.,ils sont mauvais.
i am thirsty.,j'ai soif.
no problem.,ce n'est rien.
lie still.,"restez allongées, immobiles !"
i obeyed.,j’ai obéi.
i feel giddy.,j'ai la tête qui tourne.
i hate you.,je te déteste.
i didn't go.,je ne m'y suis pas rendu.
i'll be back.,je reviens.
tom's asleep.,tom est endormi.
is this fake?,c'est du chiqué ?
we'll win.,nous gagnerons.
there he is.,le voici.
i started it.,je l'ai initié.
hang on tight!,accrochez-vous bien !
she hit him.,elle l'a frappé.
did i blow it?,est-ce que j'ai vendu la mèche ?
did tom drown?,tom s'est-il noyé ?
tom's stoned.,tom est stone.
is that a no?,est-ce un non ?
no way!,il n'en est pas question !
are you ready?,prêts ?
stop reading.,arrête de lire.
let's not go.,n'y allons pas !
have him come.,fais-le venir.
i'll go now.,j'y vais maintenant.
flip a coin.,lance une pièce !
i'll pack.,je ferai ma valise.
i'm a dancer.,je suis danseuse.
i'm prepared.,je suis préparée.
i'm ticklish.,je suis chatouilleux.
that's crazy.,c'est fou.
never mind!,n'y prête pas attention.
be creative.,soyez créative !
i didn't ask.,je n'ai pas demandé.
eat your peas.,mangez vos petits pois.
i'll be nice.,je serai gentille.
i'm punctual.,je suis ponctuelle.
don't give up.,ne laissez pas tomber.
it's fun.,c'est marrant.
i'll pay you.,je te paierai.
am i fat?,suis-je gros ?
my feet hurt.,mes pieds me font mal.
i'll start.,je commencerai.
are you tired?,êtes-vous fatiguées ?
i am taller.,je suis plus grand.
come alone.,venez seuls !
go to school.,va à l'école.
i need money.,j'ai besoin d'argent.
do it right.,fais-le comme il faut !
is it enough?,est-ce assez ?
i agree.,je suis du même avis.
it's for you.,c'est pour vous.
tom's angry.,tom est en colère.
be attentive.,sois attentif.
get my rifle.,attrapez ma carabine !
i called you.,je vous ai appelé.
it's ours.,c'est la nôtre.
tom helped.,tom a aidé.
he is eight.,il a huit ans.
drop it!,laisse tomber !
this is ugly.,c'est hideux.
i'll sue you.,je vous poursuivrai en justice.
i nailed it.,je l'ai cloué.
is that all?,c'est tout ?
i missed you.,tu m'as manqué.
you may sit.,tu peux t'asseoir.
i have it.,je l'ai.
i'm a doctor.,je suis toubib.
call me back.,rappelle-moi.
take mine.,prends les miennes.
they're cool.,elles sont sympa.
excuse me.,excuse-moi.
can we leave?,peut-on s'en aller ?
that's her.,c'est elle.
it's cold.,il fait froid.
it's true!,c'est vrai !
all is quiet.,tout est calme.
i'll pack.,je plierai mes gaules.
i feel ready.,je me sens prêt.
be nice.,soyez gentilles !
we miss you.,tu nous manques.
of course!,pour sûr.
i can't sing.,je suis incapable de chanter.
i'm first.,je suis en premier.
i'm full.,je suis repu !
it is new.,c'est neuf.
i like cake.,j'aime les gâteaux.
that's all.,c'est tout.
i like women.,j'apprécie les femmes.
we survived.,nous survécûmes.
i was there.,j'y étais.
you're cruel.,vous êtes cruelles.
thanks.,merci !
she is late.,elle est en retard.
hands off.,pas touche !
i eat fruit.,je mange des fruits.
go to bed.,va au lit !
you're naive.,vous êtes naïve.
he's sexy.,il est sexy.
i rewrote it.,je l'ai réécrit.
here i come.,j'arrive.
let me help.,laisse-moi t'aider !
anyone home?,quiconque est-il dans la maison ?
don't tell me.,ne me le dis pas.
we were busy.,nous étions occupées.
talk to me!,parlez-moi !
loosen up.,détends-toi !
i got fined.,on m'a mis une contravention.
here we are!,nous voici !
you're rich.,vous êtes riche.
pardon me?,je vous demande pardon ?
act your age.,comportez-vous comme quelqu'un de votre âge.
i'm alive.,je suis en vie.
i loved it.,j'adorais ça.
keep running.,continuez à courir.
nice timing.,bien calculé !
i tried that.,j'ai essayé ça.
i'm sloshed.,je suis bourré.
wait a sec.,attends une seconde !
move over.,bouge de là.
you're lost.,tu es perdue.
be punctual.,soyez ponctuel !
help me.,aide-moi.
i buried it.,je l'ai enterrée.
i like cats.,j'aime les chats.
ask them.,demandez-leur.
are you hurt?,êtes-vous blessée ?
i just moved.,je viens d'être muté.
i am fat.,je suis gras.
you're tough.,vous êtes durs.
i enjoyed it.,j'y ai pris plaisir.
i'd buy that.,je le goberais.
i want to go.,je veux y aller.
beer's good.,la bière est bonne.
be content.,soyez satisfaites !
i feel funny.,je me sens bizarre.
i'm stubborn.,je suis têtue.
are we lost?,sommes-nous perdus ?
i'm very sad.,je suis très triste.
i'm married.,je suis marié.
let me check.,laissez-moi contrôler.
it'll work.,ça marchera.
remember it.,souviens-en-toi.
i give up.,j'abandonne.
take it all.,prenez tout !
don't push it.,poussez pas le bouchon !
let me go!,lâche-moi !
will it fit?,cela passera-t-il ?
i'm married.,je suis mariée.
what is it?,qu'est ce c'est ?
we are arabs.,nous sommes arabes.
you're lazy.,vous êtes paresseuse.
is it time?,est-il l'heure ?
it's dead.,c'est mort.
he runs.,il court.
follow us.,suivez-nous !
be content.,sois satisfait !
go home now.,"allez à la maison, maintenant."
are you tired?,êtes-vous lasses ?
i must go.,il me faut partir.
i'm a genius.,je suis un génie.
don't fret.,te tracasse pas.
i didn't win.,je n'ai pas gagné.
don't fret.,ne te tracasse pas.
i'm fast.,je suis rapide.
i hate sand.,je déteste le sable.
try to rest.,essayez de vous reposer.
i trust you.,je me fie à toi.
read this.,lis ceci.
they got it.,ils l'ont eu.
you look fat.,vous avez l'air gros.
i'm sad.,je suis triste.
is this fake?,est-ce une imitation ?
"check, please.","vérifie, s'il te plaît."
i will go.,j'irai.
hold on.,ne quittez pas.
i had to go.,je devais y aller.
this is new.,c'est neuf.
is it an elk?,est-ce un élan ?
i'm joking.,je rigole !
they refused.,elles ont refusé.
take mine.,prends la mienne.
i'm not here.,je ne suis pas ici.
i want a lot.,j'en veux beaucoup.
i'm divorced.,je suis divorcé.
you go first.,je t'en prie.
tom will cry.,tom va pleurer.
what a pain!,quelle plaie.
i made these.,j'ai confectionné ceux-ci.
grab this.,attrape ça !
can i help?,puis-je aider ?
do your best.,faites de votre mieux.
that's mine.,c'est la mienne.
it was ok.,c'était correct.
you're naive.,tu es naïf.
who did this?,qui a fait ça ?
i'll help.,j'aiderai.
are you angry?,tu es fâché ?
be prepared.,tenez-vous prêtes !
ask them.,demande-leur.
who is tom?,"c’est qui, tom ?"
i don't bite.,je ne mords pas.
tom is quiet.,tom est silencieux.
i'm sorry.,excusez-moi.
i want more.,j'en veux davantage.
be sensible.,sois raisonnable !
do you follow?,est-ce que tu suis ?
i'm naked.,je suis nu.
it's a fact.,c'est un fait.
check this.,regarde ça.
have a drink.,prends un verre !
you are good.,tu es bonne.
tom looked.,tom a regardé.
i'm unhappy.,je suis mécontente.
be friendly.,soyez amical !
we're done.,nous en avons terminé.
try it again.,essaye de nouveau.
let me go.,laissez-moi partir !
are they busy?,sont-elles occupées ?
drive on.,avance !
who's that?,c’est qui ?
i'll change.,je changerai.
oh no!,oh non !
who sent you?,qui t'a envoyée ?
i'm all set.,je suis tout à fait prêt.
how romantic!,comme c'est romantique !
drop the gun.,lâche l'arme !
i got upset.,je me suis fâchée.
cool off!,détends-toi !
use this.,utilisez ceci.
i got fined.,on m'a mis une contredanse.
that hurts.,ça fait mal.
i like jazz.,j'apprécie le jazz.
i will work.,je vais travailler.
i'm outraged.,je suis indigné.
hop in.,monte.
marry me.,épousez-moi !
i'm involved.,je suis impliqué.
i'm weak.,je suis faible.
i love games.,j'adore les jeux.
come back.,reviens !
go outside.,sortez.
write to tom.,écrivez à tom.
don't cheat.,ne trichez pas.
i envy you.,je t'envie.
i'm blessed.,je suis bénie.
go home now.,"va chez toi, maintenant."
now drink up.,"finis ton verre, maintenant !"
i didn't go.,je n'y suis pas allé.
let's split.,séparons-nous !
are they new?,sont-ils nouveaux ?
i'm curious.,je suis curieux.
stay calm.,reste calme.
i'm too busy.,je suis trop affairée.
are you lost?,es-tu perdue ?
warn tom.,préviens tom.
you're naive.,tu es naïve.
he loves her.,il l'aime.
run for it!,prenez vos jambes à vos cous !
i'm prepared.,je suis préparé.
i was good.,j'ai été bon.
where is tom?,où est tom ?
i must go.,il me faut m'en aller.
we'll obey.,nous obéirons.
do you smoke?,tu fumes ?
we must talk.,il faut que nous discutions.
i'm sneaky.,je suis sournoise.
forgive me.,pardonnez-moi.
just do it.,"fais-le, tout simplement !"
what's that?,qu'est-ce là ?
he tries.,il essaye.
we survived.,nous avons survécu.
he got caught.,il se fit prendre.
go have fun.,amuse-toi bien.
he dozed off.,il s'est endormi.
send him in.,envoie-le !
no way!,hors de question !
i heard that.,j'ai entendu ça.
look here.,regardez ici.
i am sick.,je suis malade.
i'm all done.,j'ai tout terminé.
go outside.,allez à l'extérieur.
i smoke.,je fume.
"check, please.","j'aimerais la note, je vous prie."
lead the way.,montrez le chemin.
i'm grateful.,je suis reconnaissante.
he is eating.,il est en train de manger.
i'm innocent.,je suis innocent.
don't kid me!,ne me fais pas marcher !
i'm not sure.,je n'en suis pas certaine.
i like blue.,j'aime le bleu.
i'm speaking.,je suis en train de parler.
i was drunk.,j'étais ivre.
i'll pack.,je ferai mon sac.
you're dirty.,vous êtes sales.
we apologize.,nous présentons nos excuses.
i was sick.,j'étais malade.
did tom stay?,tom est-il resté ?
i prepaid.,j'ai payé d'avance.
who sent you?,qui vous a envoyée ?
i'm rested.,je suis reposée.
he's broke.,il est fauché.
don't forget.,ne l'oubliez pas !
nobody knows.,personne ne sait.
be attentive.,sois attentive.
they'll grow.,elles grandiront.
i'd agree.,je serais d'accord.
it's dead.,elle est morte.
he let us go.,il nous a laissées partir.
he loves us.,il nous aime.
tom cried.,tom pleura.
are we broke?,sommes-nous fauchés ?
i'm restless.,je ne tiens pas en place.
how deep?,quelle profondeur ?
i have wine.,j'ai du vin.
i exercised.,je me suis entraînée.
is he tall?,est-il grand ?
tom's glad.,tom est joyeux.
come help me.,viens m'aider.
be careful!,fais attention !
look again.,regardez à nouveau.
what a night!,quelle soirée !
do you smoke?,fumez-vous ?
say please.,dis : « s'il te plaît ».
i beg you.,je vous en conjure.
did you win?,l'as-tu emporté ?
try it on.,essaie-le !
are you deaf?,es-tu sourde ?
i'm starved.,j'ai l'estomac dans les talons.
i'm lazy.,je suis fainéant.
stop trying.,arrête d'essayer.
i apologized.,j'ai présenté mes excuses.
is he dead?,il est mort ?
i saved you.,je t'ai sauvé.
come here.,viens ici.
you're big.,tu es grand.
you must go.,tu dois partir.
are they new?,sont-elles neuves ?
are you home?,es-tu chez nous ?
i'm certain.,je suis sûr.
let him go!,laissez-le s'en aller!
how weird!,comme c'est bizarre !
we'll help.,nous apporterons de l'aide.
tom knits.,tom tricote.
i ran home.,j'ai couru à la maison.
go ahead.,passe devant !
i was new.,j'étais nouveau.
check it out!,vérifie !
we got ready.,nous nous sommes apprêtés.
stop whining.,arrête de râler.
hand it to me.,passe-le-moi.
i'll do it.,je vais le faire.
it's 50 yen.,c'est 50 yen.
turn it up.,augmentez-le.
you're a pig.,tu es un égoïste.
let's start.,commençons.
that's crazy.,c'est dingue.
you're bad.,tu es vilain.
i'm confused.,je me mélange les pinceaux.
shut up!,taisez-vous !
they're here.,ils sont là.
are you hurt?,vous êtes-vous blessée ?
let me out!,laissez-moi sortir !
i failed.,j'ai échoué.
we can't go.,nous ne pouvons y aller.
be on time.,soyez à l'heure.
is it a joke?,est-ce une blague ?
he is young.,il est jeune.
why not both?,pourquoi pas les deux ?
tom's scared.,tom est apeuré.
are you crazy?,es-tu folle ?
i'm homesick.,j'ai le mal du pays.
i lost.,j'ai perdu.
get my rifle.,attrapez mon fusil !
can i stay?,puis-je rester ?
we can pay.,nous pouvons payer.
we're twins.,nous sommes jumelles.
i can come.,je peux venir.
step aside.,écarte-toi !
be prepared.,tiens-toi prêt !
that's a lie.,il s'agit d'un mensonge.
here we are!,nous voilà !
step aside.,écartez-vous !
tom's hungry.,tom a faim.
she shrieked.,elle cria.
it isn't new.,ce n'est pas nouveau.
do you drink?,bois-tu ?
tom insisted.,tom a insisté
things break.,les choses se cassent.
i'm fussy.,je suis difficile.
it's mine.,c'est à moi.
you may go.,tu peux t'en aller.
i did that.,j'ai fait cela.
ignore them.,ignore-les.
i love life.,j'adore la vie.
it's nothing.,ce n'est rien.
they hate us.,ils nous détestent.
be confident.,soyez confiante !
i'm well.,je me porte bien.
no way!,c'est pas possible !
who was here?,qui était ici ?
i'll swim.,je nagerai.
it helps.,ça aide.
he let me go.,il m'a laissée m'en aller.
come to us.,venez à nous.
we are happy.,nous sommes heureux.
it's all wet.,tout est mouillé.
is tom ill?,tom est-il malade ?
get ready.,préparez-vous.
i was naive.,j'étais crédule.
who vanished?,qui a disparu ?
tom knew.,tom savait.
i liked it.,je l'ai apprécié.
take a walk.,allez marcher !
look at it.,regarde-le !
this is nice.,c'est chouette.
give me a few.,donne-m'en quelques-uns.
i hope not.,je n'espère pas.
that's his.,c'est le sien.
he's married.,il est marié.
i'm ugly.,je suis laid.
stop that.,arrête ça !
it happened.,c'est arrivé.
it may rain.,il pourrait pleuvoir.
deal me out.,ne compte pas sur moi.
i have to go.,je dois y aller.
i'm unarmed.,je suis désarmé.
it's quiet.,c'est silencieux.
you look fat.,tu as l'air grosse.
that a boy!,t'es un bon garçon !
come off it!,décroche de ça !
i'm so tired!,je suis tellement las !
tom lies.,tom ment.
i want one!,j'en veux un !
stop yelling!,cesse de hurler !
can you pitch?,sais-tu donner le ton ?
she sued him.,elle lui fit un procès.
tom lost.,tom a perdu.
what a pity!,quel malheur !
you're dirty.,vous êtes sale.
i go to work.,je vais au travail.
birds fly.,les oiseaux volent.
i doubt that.,j'en doute.
look at that!,regardez cela !
i could walk.,je pourrais marcher.
i know this.,je le sais.
we can win.,nous pouvons gagner.
are you upset?,es-tu énervé ?
let me sleep.,laissez-moi dormir.
i left.,je suis partie.
is that you?,est-ce vous ?
may i cut in?,puis-je vous interrompre ?
i'm the best.,je suis le meilleur.
you're nice.,vous êtes sympa.
what's up?,ça va ?
whose is it?,à qui est-ce ?
shut up!,la ferme !
he is drunk.,il est ivre.
am i first?,suis-je la première ?
it's yours.,c'est le tien.
you decide.,"vous, décidez."
this is life!,c'est la vie !
let him go.,laisse-le partir !
get out!,sortez !
i took a nap.,je fis une sieste.
are we alone?,sommes-nous seuls ?
it was black.,c'était noir.
don't talk.,ne parle pas !
is it safe?,est-ce sans danger ?
i love bread.,j'adore le pain.
step back.,recule !
step back.,reculez !
we need more.,nous avons besoin de plus.
i'm so fat.,je suis tellement gros.
don't laugh.,ne ris pas.
it is my cat.,c'est mon chat.
be seated.,asseyez-vous !
you lost.,vous avez perdu.
i like tom.,j'aime tom.
terrific!,formidable !
god bless you!,dieu vous bénisse !
ignore them.,ignorez-les.
back off!,recule !
you're old.,tu es vieux.
try it again.,essaie encore.
this is fine.,c'est parfait.
i must go.,je dois partir.
you are good.,vous êtes bonnes.
tom's awake.,tom est réveillé.
that's icky.,c'est gnangnan.
i must hurry.,je dois me dépêcher.
of course!,pardi !
we're stuck.,nous sommes coincées.
he's a bigot.,c'est un fanatique.
are you hurt?,vous êtes-vous blessé ?
i need that.,c'est ce qu'il me faut.
i hit tom.,j'ai frappé tom.
i felt safer.,je me sentais davantage en sécurité.
be on time.,sois à l'heure.
i still care.,je m'en soucie encore.
all is well.,tout va bien.
come over.,venez ici !
i can't see.,je n'arrive pas à voir.
i'm drunk.,je suis soûl.
i'm cultured.,je suis cultivée.
stay with us.,restez avec nous.
i've no idea.,je n'ai aucune idée.
we lost.,nous avons perdu.
i'm rested.,je suis reposé.
forget it!,oublie-le !
i'm too fat.,je suis trop gros.
it's monday.,nous sommes lundi.
i'm kidding.,je rigole !
i see a book.,je vois un livre.
i suppose so.,je le suppose.
i love music.,j'aime beaucoup la musique.
pick a date.,choisis une date !
i'm touched.,je suis touchée.
you're rude.,vous êtes grossières.
it's broken.,c'est cassé.
i'm not rich.,je ne suis pas riche.
can i go now?,puis-je partir maintenant ?
i feel faint.,je me sens mal.
run for it!,taillez-vous !
tom is rude.,tom est impoli.
she went out.,elle sortit.
i'm safe.,je suis en sécurité.
she cried.,elle pleura.
she tried.,elle a essayé.
it's bogus.,c'est du pipeau tout ça.
don't ask me.,ce n'est pas à moi qu'il faut le demander.
i didn't win.,je ne l'ai pas emporté.
i was fired.,j'ai été licencié.
they're dead.,elles sont décédées.
we trust him.,nous avons confiance en lui.
it will heal.,cela guérira.
do i look fat?,ai-je l'air gros ?
follow him.,suis-le !
get your gear.,allez chercher votre tenue !
it's awesome.,c'est génial.
do you get it?,est-ce que tu captes ?
they agree.,elles sont d'accord.
i fixed it.,je le réparai.
we're weak.,nous sommes faibles.
it was noisy.,c'était bruyant.
can we stop?,pouvons-nous arrêter ?
what a shame!,dommage !
don't be mean.,ne sois pas mesquine !
nice timing.,tout juste !
you're back.,vous êtes de retour.
is tom hurt?,tom est-il blessé ?
that worked.,ça a marché.
i need ice.,j'ai besoin de glace.
it's perfect.,c'est parfait.
look at that!,regardez ça !
"me, too.",moi aussi.
tell me.,dis-moi !
listen.,écoutez !
i got fined.,on m'a collé une amende.
watch me.,regardez-moi !
we're ruined.,nous sommes ruinés.
tom stayed.,tom est resté.
tom said no.,tom a dit non.
save tom.,sauvez tom.
you're funny.,vous êtes marrantes.
send him in.,envoyez-le !
are you happy?,êtes-vous heureuses ?
we did that.,nous avons fait cela.
tom stole it.,tom l'a volé.
i'm in luck.,je suis veinarde.
it amazed me.,ça m'a épaté.
it's for you.,c'est pour toi.
we knew that.,nous savions cela.
i'm bald.,je suis chauve.
i'm blessed.,je suis béni.
you're early.,tu es matinale.
tom is weak.,tom est faible.
i got busy.,je suis devenu occupé.
i'm sick.,je suis malade.
i have a gun.,j'ai une arme à feu.
don't deny it.,ne le nie pas !
tom forgot.,tom oublia.
we are men.,nous sommes des hommes.
they're free.,elles sont libres.
who escaped?,qui s'est échappé ?
that is mine.,c'est la mienne.
i'll try.,je vais essayer.
tom's funny.,tom est drôle.
he's asleep.,il est endormi.
he denied it.,il l'a nié.
stay in bed.,reste alitée !
i'm starved.,je meurs de faim !
i'm a friend.,je suis un ami.
it's late.,il est tard.
my hip hurts.,ma hanche me fait mal.
wait here.,attendez là.
do you get it?,tu captes ?
is this love?,serait-ce de l'amour ?
i need some.,j'en ai besoin.
we all cried.,nous avons tous pleuré.
i play piano.,je joue du piano.
i'm certain.,je suis certain.
dig faster.,creusez plus vite.
i know this.,je sais ça.
i'm eighteen.,j'ai dix-huit ans.
don't give up.,ne laisse pas tomber.
don't worry.,ne t'en fais pas.
be prepared.,tiens-toi prête !
i felt great.,je me suis très bien senti.
go on.,poursuivez.
tom's died.,tom est mort.
seriously?,vraiment ?
he's coming.,il arrive.
can you ski?,savez-vous faire du ski ?
it's our car.,c'est notre voiture.
look back!,regarde derrière toi !
i'm strong.,je suis forte.
drive slowly.,conduis lentement.
are you deaf?,es-tu sourd ?
we're losing.,nous sommes en train de perdre.
good for you.,c'est bien pour vous.
i'm neutral.,je suis neutre.
men are pigs.,les hommes sont des cochons.
i'm fat.,je suis gros.
i wonder why.,je me demande pourquoi.
we're angry.,nous sommes en colère.
she is lucky.,elle est chanceuse.
be confident.,sois confiant !
tom is lying.,tom ment.
we like him.,nous l'apprécions.
wait for tom.,attendez tom.
he lost face.,il a perdu la face.
i like r & b.,j'aime le r&b.
ain't he cute?,n'est-il pas mignon ?
are we broke?,sommes-nous fauchées ?
i said stop.,j'ai dit stop.
did tom fight?,tom s'est-il battu ?
just relax.,détends-toi.
war is evil.,la guerre est mauvaise.
she's hot.,elle est très attirante.
just say no.,dis simplement non !
it's poison.,c'est du poison.
i'll get it.,j'irai le chercher.
i'm not done.,je n'en ai pas terminé.
do it again!,refaites-le !
i listened.,j'ai écouté.
i was naive.,je fus crédule.
just do it.,"faites-le, tout simplement !"
he was brave.,il était courageux.
bring a date.,amène une copine !
are you happy?,êtes-vous content ?
go away.,disparais !
get back here.,reviens ici !
i feel faint.,je sens que je vais m'évanouir.
really?,vraiment ?
i'm wealthy.,je suis riche.
i must run.,il me faut courir.
i loved that.,j'adorais ça.
we love them.,nous les aimons.
i am so sick.,c'est moi qui suis tellement malade.
i am fine.,je vais bien.
don't leave!,ne quittez pas !
i'm chubby.,je suis grassouillette.
we'll work.,nous travaillerons.
i went twice.,j'y suis allée deux fois.
i stood.,je me suis tenue debout.
we'll try.,nous essayerons.
bring him in.,fais-le entrer.
help me out.,aide-moi à sortir.
we must run.,il nous faut courir.
you're nuts!,vous êtes dingues !
just do it.,fais-le donc !
did you vote?,avez-vous voté ?
i was sleepy.,j'avais envie de dormir.
i'm a child.,je suis un enfant.
i'm in love.,je suis amoureux.
i like milk.,j'aime le lait.
i'll go.,j'irai.
are you young?,êtes-vous jeune ?
she walks.,elle marche.
i felt safe.,je me suis senti en sécurité.
let me see.,laissez-moi voir.
don't hurt me.,ne me fais pas de mal !
make a guess.,hasarde une hypothèse !
i can fix it.,je peux le réparer.
he needs it.,il en a besoin.
i'll jump in.,je m'y joindrai.
tom forgot.,tom a oublié.
are you mad?,es-tu folle ?
be punctual.,sois ponctuel !
cheers!,à votre santé !
take a seat.,prends place !
i called you.,je t'ai appelé.
see you.,à plus.
don't shoot.,ne tirez pas !
who came?,qui est venu ?
this works.,ça fonctionne.
need i go on?,ai-je besoin de continuer ?
no way!,en aucun cas.
i will shoot.,je tirerai.
we'll cook.,nous ferons la cuisine.
tom cursed.,tom jura.
he is kind.,il est gentil.
we want it.,nous le voulons.
tom is awful.,tom est horrible.
i apologize.,je vous prie de m'excuser.
clean that up.,nettoyez ça.
we must go.,nous devons nous en aller.
i didn't go.,je n'y suis pas allée.
let's hurry.,dépêchons-nous.
got it?,pigé ?
they're dead.,ils sont décédés.
she shot him.,elle lui tira dessus.
be watchful.,soyez prudente !
get out.,casse-toi.
i just moved.,je viens juste de bouger.
he denied it.,il l'a refusé.
it's quiet.,c'est calme.
perfect!,parfait !
come off it!,change de disque !
we're broke.,nous sommes fauchés.
i feel alive.,je me sens vivant.
he is a poet.,c'est un poète.
i don't date.,je ne sors pas avec des garçons.
we lost.,nous avons été défaites.
eat something.,mangez quelque chose !
a car cut in.,une voiture a coupé la route.
is it yours?,est-ce le tien ?
who are they?,qui sont-ils ?
please relax.,"s'il te plaît, calme-toi."
what was it?,de quoi s'agissait-il ?
they swam.,ils nagèrent.
use this.,employez ceci !
let me leave!,laisse-moi partir !
it's snowing.,il neige.
go away.,allez-vous en !
check this.,vérifie ça.
do it at once.,faites-le immédiatement.
let me go!,laisse-moi m'en aller !
no one moved.,personne ne bougea.
come up here.,approchez.
break it down.,démonte-moi ça.
i have a job.,je dispose d'un boulot.
they lost.,elles ont perdu.
i went twice.,j'y suis allé deux fois.
sit down.,assieds-toi.
give me a sec.,donne-moi une seconde.
you are good.,tu es bon.
i'm unlucky.,j'ai la schcoumoune.
do it right.,faites-le comme il faut !
hug me.,serre-moi dans tes bras !
don't be long.,ne sois pas long.
we all work.,nous travaillons toutes.
ask anyone.,demandez à n'importe qui.
it's here.,c'est ici.
wonderful!,magnifique !
i'm not tall.,je ne suis pas grande.
that's his.,ce sont les siens.
no kidding?,sans blague ?
don't move.,ne bouge pas.
wait here.,attends là.
try to sleep.,essaie de dormir.
who'll go?,qui ira ?
wait for us.,attends-nous !
i stink.,je pue.
wake up!,réveille-toi !
i envy you.,je vous envie.
here it is.,tenez.
you're stuck.,t'es plantée.
don't sass me.,ne sois pas impertinent à mon égard.
dry your eyes.,sèche tes larmes.
here we are.,nous y voilà !
we might die.,il se pourrait que nous mourions.
what a dump.,quel taudis !
what a loser!,quel naze !
i'm prepared.,je suis prêt.
i'm rational.,je suis rationnel.
"fish, please.",du poisson s'il vous plaît.
so long.,à plus tard !
i hate it.,je déteste ça.
i'm positive.,j'en suis sûre.
stay with me.,restez avec moi.
stay inside.,reste à l'intérieur !
get your gear.,va chercher ton matériel !
don't get up.,ne vous levez pas.
be merciful.,sois miséricordieux !
i went twice.,je m'y suis rendu à deux reprises.
i felt happy.,je me suis sentie heureuse.
i like you.,je t'aime.
i like beer.,j'aime la bière.
be yourself.,sois toi-même.
we're lost.,nous sommes perdues.
drop it!,laissez-le tomber !
i'm fearless.,je suis intrépide.
let him in.,laissez-le entrer.
anyone hurt?,quiconque est-il blessé ?
i'm cured.,je suis guéri.
this stinks.,ça pue.
i hate you.,je te hais.
life goes on.,la vie continue.
i'm chicken.,j'ai les foies.
they got it.,ils l'ont eue.
don't smile.,ne souris pas.
men are pigs.,les hommes sont des égoïstes.
i'm a man.,je suis un homme.
you're fired.,tu es viré.
i handled it.,je m'en suis sortie.
i saw you.,je vous ai vu.
we got ready.,nous nous sommes apprêtées.
check that.,regarde ça.
i cut myself.,je me suis coupé.
hurry home.,dépêchez-vous d'aller chez vous !
it's easy.,c'est simple.
we have hope.,nous avons de l'espoir.
i'm healthy.,je suis en bonne santé.
i'm dieting.,je suis au régime.
take a walk.,va marcher !
can you come?,peux-tu venir ?
that's a lot!,c'est beaucoup !
are you ready?,es-tu prêt ?
i'm a lawyer.,je suis avocate.
now leave us.,maintenant laissez nous.
are you sure?,êtes-vous sûres ?
ghosts exist.,les fantômes existent.
we saw you.,nous vous avons vue.
let's talk.,discutons !
go outside.,sors.
you're drunk.,vous êtes saoules.
is this fake?,est-ce un pastiche ?
i was late.,j'ai été en retard.
we needed it.,nous en avions besoin.
is it hard?,est-ce difficile ?
you may swim.,tu as la permission de nager.
he let us go.,il nous a laissées nous en aller.
go away.,va te faire foutre !
our eyes met.,nos yeux se sont croisés.
let him in.,faites-le entrer.
go have fun.,"vas-y, amuse-toi."
i want soup.,je veux de la soupe.
are you up?,es-tu levé ?
are you ready?,êtes-vous prêt ?
be sensible.,soyez raisonnable !
i'm hungry!,j'ai faim !
they're weak.,ils sont faibles.
be punctual.,soyez ponctuels !
i didn't go.,je ne m'y suis pas rendue.
let me know.,fais-le moi savoir !
i made these.,j'ai fait celles-ci.
of course.,pour sûr.
you're kind.,tu es gentil.
how are you?,comment ça va ?
you're wise.,vous êtes raisonnables.
i burned it.,je l'ai brûlé.
he was wrong.,il eut tort.
we'll walk.,nous marcherons.
should we go?,devrions-nous y aller ?
he's a hunk.,c'est un beau mec.
i'm careful.,je suis prudent.
i have one.,j'en ai un.
find a job.,trouve un boulot !
i sighed.,j’ai soupiré.
is it ready?,est-ce prêt ?
i'm starving.,j'ai la fringale.
go warm up.,allez vous échauffer !
i'm unhappy.,je suis mécontent.
i'm wet.,je suis mouillé.
ask anybody.,demande à qui que ce soit !
dogs bark.,les chiens aboient.
are you sure?,êtes-vous sûres ?
tom shrugged.,tom haussa les épaules.
stand back!,reculez !
i'm buying.,c'est moi qui paie.
as you like.,comme vous voulez.
take a seat.,asseyez-vous !
let's go!,allons-y !
i'm a surfer.,je suis surfeuse.
look at that!,regarde ça !
are you up?,es-tu debout ?
he was naive.,il était naïf.
be fair.,sois équitable !
we're hot.,nous avons chaud.
we saw it.,nous l'avons vue.
i want mine.,je veux la mienne.
that's ugly.,c'est laid.
come in.,entre !
take a rest.,reposez-vous.
will you go?,irez-vous ?
no way!,impossible !
tom rocks.,tom assure.
you're safe.,vous êtes sauve.
is it you?,est-ce vous ?
tom's funny.,tom est rigolo.
you're safe.,tu es sauve.
we're a team.,nous sommes une équipe.
he broke them.,il les a cassés.
i am weak.,je suis faible.
i envy him.,je l'envie.
now leave us.,maintenant laisse-nous.
be creative.,soyez créatif !
have a cookie.,prends un biscuit !
i like bread.,j'aime le pain.
we won.,nous l'emportâmes.
i'm correct.,j'ai raison.
are you hurt?,êtes-vous blessé ?
you cheated.,vous avez triché.
is it cancer?,s'agit-il d'un cancer ?
i don't care.,je m'en fous.
i need sugar.,j'ai besoin de sucre.
he was lucky.,il a eu de la chance.
we loved you.,nous vous aimions.
i like music.,j'aime la musique.
i'm lucky.,je suis chanceux.
tom was safe.,tom était en sécurité.
let him in.,fais-le entrer.
keep looking.,continuez à regarder !
i cut myself.,je me coupai.
did i win?,l'ai-je emporté ?
you've won!,tu as gagné !
we need it.,nous en avons besoin.
we broke up.,nous avons rompu.
are you ok?,est-ce que tu vas bien ?
that's fun.,c'est marrant.
it was ok.,c'était ok.
come over.,viens chez moi !
sweet dreams!,faites de beaux rêves !
tom talked.,tom a parlé.
it's on fire.,c'est déchaîné.
is he dead?,est-il décédé ?
let's try it.,essayons-le.
tom took it.,tom l'a pris.
cut it out.,assez !
can you ski?,sais-tu faire du ski ?
be confident.,soyez confiant !
cut that out!,arrête ça !
he has a book.,il a un livre.
you are big.,vous êtes grands.
i was asleep.,j'étais endormie.
i'm a friend.,je suis une amie.
we felt good.,nous nous sommes sentis bien.
forget it.,oublie.
is he dead?,est-il mort ?
i can do it.,j'arrive à le faire.
i'm a farmer.,je suis agriculteur.
you're safe.,vous êtes sauf.
see above.,voyez ci-dessus.
be friendly.,sois amicale !
it's obvious.,cela coule de source.
can you walk?,pouvez-vous marcher ?
bottoms up!,santé !
come over!,venez !
that's lame.,c'est faible.
i see a lion.,je vois un lion.
god bless you!,que dieu te bénisse !
it'll work.,ça fonctionnera.
i got sleepy.,j'ai commencé à avoir sommeil.
i'm wet.,je suis mouillée.
we're lazy.,nous sommes fainéantes.
no means no.,"« non », ça veut dire « non »."
"come in, tom.","entre, tom."
you're weak.,vous êtes faible.
don't leave.,ne partez pas !
years passed.,des années ont passé.
i remember.,je m'en rappelle.
forgive tom.,pardonne tom.
he let us go.,il nous a laissés partir.
i'm faithful.,je suis fidèle.
are you happy?,êtes-vous contents ?
he dug a hole.,il a creusé un trou.
i asked tom.,j'ai demandé à tom.
is he right?,a-t-il raison ?
is it yours?,est-ce la vôtre ?
welcome back.,soyez de nouveau la bienvenue !
i'm sorry.,désolé.
see below.,voyez ci-dessous.
do i stink?,est-ce que je pue ?
am i right?,suis-je dans le vrai ?
i'm normal.,je suis normal.
i have money.,j'ai de l'argent.
did you win?,l'avez-vous emporté ?
you may go.,vous pouvez vous en aller.
i felt dumb.,je me suis sentie idiote.
be careful!,sois prudente !
don't kid me!,ne me charriez pas !
we're sneaky.,nous sommes sournois.
i'll manage.,je m'en sortirai.
we're sunk.,nous sommes foutus.
i love kids.,j'adore les enfants.
do i know you?,est-ce que je vous connais ?
air the futon.,aère le futon !
i shrugged.,j'ai haussé les épaules.
this is his.,c'est le sien.
we broke up.,nous nous sommes séparés.
lie still.,"reste allongée, immobile !"
was it good?,était-ce bon ?
is that so?,en va-t-il ainsi ?
i hate liars.,je déteste les menteurs.
look at me.,regarde-moi.
tom is drunk.,tom est saoul.
talk to me.,parle avec moi.
tom died.,tom muera.
"hello, girls.",salut les filles !
get ready.,prépare-toi.
this is gold.,c'est de l'or.
it's ready.,c'est prêt.
i got fined.,j'ai été verbalisé.
take a bite.,croquez !
we need both.,nous avons besoin des deux.
they said no.,ils ont dit non.
get down.,lâche-toi !
you fainted.,vous vous êtes évanoui.
what is love?,qu'est l'amour ?
come back.,revenez !
go ahead.,vas-y !
i'm in paris.,je suis à paris.
are they new?,sont-elles nouvelles ?
i'm angry.,je suis en colère.
may i go?,puis-je m'y rendre ?
be content.,sois satisfaite !
is tom drunk?,tom est-il ivre ?
well done!,bien joué !
tom's safe.,tom est en sécurité.
feel this.,sentez ça !
i was warned.,j'ai été prévenu.
i need more.,il m'en faut davantage.
please smile.,veuillez sourire !
is it clear?,est-ce clair ?
he found it.,il le trouva.
is he busy?,est-il occupé ?
be careful.,soyez prudents !
how horrible!,quelle horreur !
try again.,essayez de nouveau.
i'm off-duty.,je ne suis pas en service.
he's wet.,il est mouillé.
i won!,je l'ai emporté !
this is huge.,c'est énorme.
you're sad.,tu es triste.
it's time.,il est temps !
hop in.,montez.
be careful.,sois prudent !
i like these.,j'aime celles-ci.
he likes tea.,il aime le thé.
don't be rude.,ne soyez pas impolie !
i can't wait.,je suis impatiente.
it scared me.,ça m'a fait peur.
i need it.,j'en ai besoin.
i feel giddy.,je suis prise de vertiges.
tom was shot.,tom s'est fait tirer dessus.
we need help.,nous avons besoin d'aide.
everyone wins.,tout le monde y gagne.
you're stuck.,vous êtes planté.
i'm the boss.,c'est moi le patron.
go away.,pars d'ici.
should i go?,devrais-je y aller ?
tom's fat.,tom est gros.
give him time.,donne-lui du temps.
look out!,attention !
i love jokes.,j'adore les blagues.
dogs can swim.,les chiens savent nager.
be discreet.,sois discret !
tom's coming.,tom vient.
are you sure?,êtes-vous sûrs ?
don't worry.,ne vous inquiétez pas.
come join us.,viens nous rejoindre !
i'm finicky.,je suis méticuleuse.
i'm going.,je pars.
keep driving.,roule !
they voted.,elles ont voté.
i messed up.,j'ai mis le souk.
i feel well.,je me sens bien.
he drank beer.,il a bu de la bière.
i'm immune.,je suis immunisé.
we're hiding.,nous nous cachons.
be merciful.,soyez miséricordieux !
tom's alive.,tom est en vie.
come quick!,jouis vite !
get down.,descends !
i can read.,je peux lire.
i'm a coward.,je suis un couard.
taste this.,goûte ça.
don't wait.,n'attends pas !
i've got you.,je t'ai eu.
"meat, please.","de la viande, s'il vous plaît."
get a job.,trouvez un emploi !
i am here.,je suis ici.
i'm working.,je suis en train de travailler.
that's hers.,c'est le sien.
i like sushi.,j'aime les sushis.
look at this.,regardez ça !
i said no.,j'ai dit non.
we're normal.,nous sommes normales.
was i wrong?,ai-je eu tort ?
we're doomed.,nous sommes condamnés.
i use it.,je l'utilise.
tom changed.,tom a changé.
i don't mind.,ça m'est égal.
are you new?,tu es nouveau ?
i trust him.,j'ai confiance en lui.
you scare me.,tu me fais peur.
keep out!,défense d'entrer.
they know us.,elles nous connaissent.
she is kind.,elle est gentille.
don't do that.,ne faites pas ça.
i am good.,je suis bon.
who was that?,c'était qui ?
let me go!,laissez-moi y aller !
come off it!,arrête ça !
she sued him.,elle lui a fait un procès.
do you follow?,est-ce que vous suivez ?
it can't be!,c'est pas possible !
i'm a member.,je suis membre.
i'll get you.,j'irai te chercher.
he gave in.,il a cédé.
burn the body.,brûle le corps.
trust tom.,fais confiance à tom.
i know her.,je la connais.
lie still.,"restez allongée, immobile !"
don't leave!,ne pars pas !
you may go.,vous pouvez y aller.
follow tom.,suivez tom.
are you busy?,êtes-vous occupée ?
find a job.,trouve un emploi !
don't do it.,ne le faites pas !
they know us.,ils nous connaissent.
i can't swim.,je ne sais pas nager.
i got caught.,je me suis fait prendre.
i'm so tired.,je suis si fatigué.
i shouted.,j'ai crié.
who's tom?,"c’est qui, tom ?"
they won.,elles ont gagné.
you can come.,vous pouvez venir.
i was there.,j'étais là.
i nodded.,j’ai fait signe de la tête.
we're safe.,nous sommes en sécurité.
i got dumped.,j'ai été larguée.
let's see.,voyons voir !
i know them.,je les connais.
can we go?,pouvons-nous partir ?
go home now.,"allez chez vous, maintenant."
are you home?,êtes-vous chez moi ?
you're tough.,tu es dure.
remember it.,souvenez-vous-en.
i wrote it.,c'est moi qui l'ai écrit.
wait for us.,attendez-nous !
i had fun.,je me suis marrée.
i guess so.,j'imagine.
you're naive.,vous êtes naïfs.
i saw that.,j'ai vu cela.
i was warned.,j'ai été prévenue.
stay awake.,reste éveillé.
we must obey.,il nous faut obéir.
i weighed it.,je l'ai pesé.
tom's glad.,tom est heureux.
cut that out!,arrêtez ça !
is tom safe?,tom est-il à l'abri ?
set tom free.,libère tom.
it wasn't me.,ce n'était pas moi.
i feel bad.,je me sens mal.
tom obeyed.,tom a obéi.
dig faster.,creuse plus vite.
what's that?,qu'est-ce ?
come quick!,viens vite !
i'm game.,je suis de la partie.
i want these.,je veux celles-là.
i forgot.,j'ai oublié.
we loved you.,nous t'aimions.
i got the ax.,j'ai la hache.
i am at home.,je suis à la maison.
you're rude.,vous êtes grossière.
stand aside.,restez à l'écart.
go for broke!,joue le tout pour le tout !
i can swim.,je sais nager.
he can't sing.,il ne sait pas chanter.
we'll manage.,nous gèrerons.
please leave.,"pars, s'il te plaît."
look closely.,regarde attentivement.
we lost.,nous fûmes défaites.
keep quiet.,restez tranquille.
did you do it?,l'avez-vous fait ?
who are they?,qui sont-elles ?
bring wine.,apportez du vin.
i'm no hero.,je ne suis pas un héros.
i'm strict.,je suis strict.
keep that.,gardez cela.
i'm armed.,je suis armée.
tell me more.,conte-m'en davantage !
can we come?,pouvons-nous venir ?
shame on you.,honte à toi !
i like both.,les deux me plaisent.
i hurried.,je me suis dépêché.
i've no idea.,je n'en ai aucune idée.
drive on.,continue à rouler !
who is he?,qui est-ce ?
take a seat.,assieds-toi.
i rested.,je me suis reposée.
i go to work.,je me rends au travail.
that's great!,c'est grand !
i could help.,je pourrais aider.
no kidding?,vraiment ?
take my hand.,prends ma main.
i noticed.,j'ai remarqué.
i recovered.,je me suis remise.
time's up.,le temps est écoulé.
i met them.,je les rencontrai.
this is sick.,c'est dingue.
i need space.,j'ai besoin d'espace.
take a break.,faites une pause !
i was naive.,j'étais naïf.
they're cute.,elles sont mignonnes.
i'm all set.,je suis tout à fait prête.
it's hers.,c'est la sienne.
it was night.,c'était la nuit.
i made two.,j'en ai confectionné deux.
she's hot.,elle est chaude.
what was it?,qu'y avait-il ?
leave us.,laisse-nous !
i'm ok.,je vais bien.
stop that!,arrêtez !
are you sad?,es-tu triste ?
feel this.,touchez ça !
i'm deaf.,je suis sourd.
i drank milk.,je buvais du lait.
here we are!,nous y voilà !
are you hurt?,vous êtes-vous blessées ?
i swim a lot.,je nage beaucoup.
that's true.,c'est exact.
tom's gone.,tom est parti.
take mine.,prenez la mienne.
just relax.,détendez-vous.
am i hired?,suis-je engagée ?
i love rice,j'aime le riz.
am i talented?,ai-je du talent ?
let's go.,allons-y !
they lied.,elles ont menti.
ladies first.,les femmes d'abord.
i'm careful.,je suis prudente.
i can dance.,je sais danser.
i will walk.,je marcherai.
i phoned.,je téléphonai.
be merciful.,sois clément !
how's school?,"comment ça se passe, à l'école ?"
is this wine?,est-ce du vin ?
you're cruel.,tu es cruel.
come help me.,viens me donner un coup de main.
i'm ashamed.,j'ai honte.
are you sure?,êtes-vous sûr ?
duty calls.,le devoir m'appelle.
i need that.,il me faut ça.
i promise.,je le promets.
i need a bag.,il me faut un sac.
kiss me.,embrassez-moi.
i'm canadian.,je suis canadienne.
stop!,ça suffit !
ask anybody.,demandez à qui que ce soit !
can we go?,pouvons-nous y aller ?
i'm sure.,j'en suis certain.
are you sick?,es-tu malade ?
never mind!,t'inquiète pas.
stop yelling!,cessez de hurler !
is tom well?,est-ce que tom va bien ?
go to bed.,allez au lit !
tom approves.,tom est d'accord.
i'm ready!,je suis prêt !
be creative.,soyez créatifs !
i can't see.,je ne parviens pas à voir.
she cried.,elle pleurait.
tom is slow.,tom est lent.
it's a fake.,c'est une contrefaçon.
i like you.,vous me plaisez.
i believe it.,je le crois.
he is here!,il est ici !
you idiot!,espèce d'imbécile !
tom's here.,tom est ici.
be punctual.,soyez ponctuelles !
it's 3:30.,il est trois heures et demie.
i can walk.,je peux marcher.
it was hard.,c'était difficile.
try it again.,essaye encore.
please stop.,"arrêtez, s'il vous plaît."
goodbye!,à la revoyure.
stop!,arrête-toi !
i feel lost.,je me sens perdu.
it's missing.,ça fait défaut.
i tried.,j'ai essayé.
nice shot!,joli coup !
he is not in.,il n'est pas à l'intérieur.
i'm wealthy.,je suis fortunée.
i want facts.,il me faut des faits.
find the cat.,trouvez le chat.
i recovered.,je me suis remis.
i'll go in.,j'entrerai.
draw a circle.,trace un cercle !
i got fined.,j'ai pris une contravention.
i'm excited.,je suis excité.
he is old.,il est vieux.
are you blind?,es-tu aveugle ?
i feel faint.,je me sens prise de malaise.
it's genuine.,c'est la vérité.
i am lazy.,je suis fainéante.
you're good.,vous êtes bonnes.
you're old.,vous êtes vieille.
is tom safe?,tom ne risque-t-il rien ?
take care.,prenez soin de vous.
be punctual.,sois ponctuelle !
be serious.,sois sérieuse !
you're fun.,t'es marrant.
we like him.,nous l'aimons bien.
i'm through.,j'en ai terminé.
i love books.,j'adore les livres.
anybody here?,y a-t-il quelqu'un ?
i need to go.,je dois m'en aller.
stop yelling!,arrête de hurler !
i was shaken.,j'ai été remué.
i want that.,moi je veux ça.
join us.,joignez-vous.
be ruthless.,soyez impitoyable !
we're done.,nous avons terminé.
stay back.,reste en arrière !
can you swim?,sais-tu nager ?
are you alone?,es-tu seule ?
he chuckled.,il gloussa.
can we start?,pouvons-nous commencer ?
i knew it.,je le savais.
get dressed.,habillez-vous.
get a doctor.,allez chercher un médecin !
i was lonely.,j'étais esseulé.
